,age,capital.gain,capital.loss,education,education.num,fnlwgt,hours.per.week,income,marital.status,native.country,occupation,race,relationship,sex,workclass
45,73,0,2457,HS-grad,9,233882,40,0,Married-civ-spouse,Vietnam,Farming-fishing,Asian-Pac-Islander,Husband,Male,Self-emp-not-inc
990,38,0,1741,Bachelors,13,123983,40,0,Never-married,Vietnam,Exec-managerial,Asian-Pac-Islander,Unmarried,Male,Local-gov
1164,30,0,1651,11th,7,190912,40,0,Married-civ-spouse,Vietnam,Handlers-cleaners,Asian-Pac-Islander,Husband,Male,Private
2072,51,15024,0,Doctorate,16,223206,40,1,Married-civ-spouse,Vietnam,Prof-specialty,Asian-Pac-Islander,Husband,Male,Federal-gov
2087,23,14344,0,11th,7,106957,40,1,Never-married,Vietnam,Craft-repair,Asian-Pac-Islander,Own-child,Male,Private
3061,54,5013,0,Assoc-voc,11,147863,40,0,Married-civ-spouse,Vietnam,Craft-repair,Asian-Pac-Islander,Husband,Male,Private
3553,37,3137,0,Bachelors,13,73199,77,0,Married-civ-spouse,Vietnam,Sales,Asian-Pac-Islander,Husband,Male,Self-emp-not-inc
3829,30,2463,0,Assoc-voc,11,139012,40,0,Never-married,Vietnam,Adm-clerical,Asian-Pac-Islander,Other-relative,Male,Private
3966,25,2174,0,Bachelors,13,139012,40,0,Never-married,Vietnam,Sales,Asian-Pac-Islander,Own-child,Male,Private
3973,63,2105,0,HS-grad,9,135339,40,0,Married-civ-spouse,Vietnam,Adm-clerical,Asian-Pac-Islander,Husband,Male,Private
6389,19,0,0,Some-college,10,115248,40,0,Never-married,Vietnam,Adm-clerical,Asian-Pac-Islander,Not-in-family,Male,Private
7284,36,0,0,HS-grad,9,160120,40,0,Married-civ-spouse,Vietnam,Adm-clerical,Asian-Pac-Islander,Husband,Male,Private
7394,24,0,0,11th,7,123983,40,0,Married-civ-spouse,Vietnam,Transport-moving,Asian-Pac-Islander,Husband,Male,Private
7430,43,0,0,5th-6th,3,128212,40,1,Married-civ-spouse,Vietnam,Machine-op-inspct,Asian-Pac-Islander,Wife,Female,Private
7684,23,0,0,Some-college,10,125491,35,0,Never-married,Vietnam,Other-service,Asian-Pac-Islander,Not-in-family,Female,Private
7766,20,0,0,Some-college,10,133352,40,0,Never-married,Vietnam,Adm-clerical,Asian-Pac-Islander,Own-child,Female,Private
8239,20,0,0,Some-college,10,147171,40,0,Never-married,Vietnam,Adm-clerical,Asian-Pac-Islander,Unmarried,Female,Private
8315,23,0,0,Some-college,10,244408,24,0,Never-married,Vietnam,Adm-clerical,Asian-Pac-Islander,Other-relative,Female,Private
8732,22,0,0,Bachelors,13,304710,10,0,Never-married,Vietnam,Adm-clerical,Asian-Pac-Islander,Not-in-family,Female,Private
8748,23,0,0,HS-grad,9,73514,40,0,Never-married,Vietnam,Adm-clerical,Asian-Pac-Islander,Own-child,Female,Private
9412,30,0,0,HS-grad,9,268575,40,0,Never-married,Vietnam,Craft-repair,Asian-Pac-Islander,Unmarried,Male,Private
10711,53,0,0,7th-8th,4,290640,40,0,Married-civ-spouse,Vietnam,Craft-repair,Asian-Pac-Islander,Husband,Male,Private
10896,31,0,0,HS-grad,9,379046,40,0,Never-married,Vietnam,Handlers-cleaners,Asian-Pac-Islander,Own-child,Female,Private
11463,35,0,0,Bachelors,13,139012,40,0,Married-civ-spouse,Vietnam,Other-service,Asian-Pac-Islander,Husband,Male,Private
11790,41,0,0,Bachelors,13,74775,30,0,Married-civ-spouse,Vietnam,Other-service,Asian-Pac-Islander,Husband,Male,Private
12230,23,0,0,Some-college,10,298871,40,0,Married-civ-spouse,Vietnam,Adm-clerical,Asian-Pac-Islander,Husband,Male,State-gov
12236,20,0,0,Some-college,10,256211,40,0,Never-married,Vietnam,Machine-op-inspct,Asian-Pac-Islander,Other-relative,Male,Private
12372,52,0,0,Prof-school,15,115209,40,0,Married-spouse-absent,Vietnam,None,Asian-Pac-Islander,Unmarried,Female,None
12448,48,0,0,Bachelors,13,102938,40,0,Never-married,Vietnam,Other-service,Asian-Pac-Islander,Unmarried,Female,Private
12990,43,0,0,Bachelors,13,125833,40,0,Married-civ-spouse,Vietnam,Adm-clerical,Asian-Pac-Islander,Husband,Male,Private
13023,25,0,0,9th,5,150553,40,0,Married-spouse-absent,Vietnam,Adm-clerical,Asian-Pac-Islander,Unmarried,Female,Private
13774,70,0,0,Some-college,10,235781,40,0,Divorced,Vietnam,Farming-fishing,Asian-Pac-Islander,Not-in-family,Male,Private
15355,27,0,0,5th-6th,3,110622,20,0,Never-married,Vietnam,Sales,Asian-Pac-Islander,Own-child,Female,Private
15653,30,0,0,Assoc-acdm,12,169104,40,0,Never-married,Vietnam,Other-service,Asian-Pac-Islander,Other-relative,Male,Private
15809,40,0,0,HS-grad,9,114580,40,0,Divorced,Vietnam,Craft-repair,White,Other-relative,Female,Private
15958,30,0,0,10th,6,176123,40,0,Never-married,Vietnam,Machine-op-inspct,Asian-Pac-Islander,Other-relative,Male,Private
16552,23,0,0,Some-college,10,256211,24,0,Never-married,Vietnam,Adm-clerical,Asian-Pac-Islander,Not-in-family,Male,Private
17083,45,0,0,10th,6,101656,40,0,Never-married,Vietnam,Machine-op-inspct,Asian-Pac-Islander,Not-in-family,Male,Private
17328,23,0,0,Some-college,10,215624,40,0,Never-married,Vietnam,Machine-op-inspct,Asian-Pac-Islander,Unmarried,Male,Private
19455,44,0,0,12th,8,75065,60,0,Married-civ-spouse,Vietnam,Exec-managerial,Asian-Pac-Islander,Husband,Male,Self-emp-not-inc
19572,44,0,0,HS-grad,9,172475,40,0,Divorced,Vietnam,Adm-clerical,Asian-Pac-Islander,Not-in-family,Female,Private
19630,22,0,0,Some-college,10,244408,40,0,Never-married,Vietnam,Adm-clerical,Asian-Pac-Islander,Not-in-family,Female,Local-gov
20476,21,0,0,Some-college,10,131473,20,0,Never-married,Vietnam,Sales,Asian-Pac-Islander,Own-child,Male,Private
20846,25,0,0,Bachelors,13,244408,40,0,Never-married,Vietnam,Tech-support,Asian-Pac-Islander,Unmarried,Female,Local-gov
20859,45,0,0,HS-grad,9,160724,40,0,Married-civ-spouse,Vietnam,Craft-repair,Asian-Pac-Islander,Husband,Male,Private
21037,23,0,0,HS-grad,9,72887,1,0,Never-married,Vietnam,Craft-repair,Asian-Pac-Islander,Own-child,Male,Private
21562,50,0,0,HS-grad,9,64667,60,0,Divorced,Vietnam,Prof-specialty,Asian-Pac-Islander,Not-in-family,Female,Self-emp-not-inc
22140,24,0,0,1st-4th,2,52028,5,0,Married-civ-spouse,Vietnam,Other-service,Asian-Pac-Islander,Own-child,Female,Private
22284,29,0,0,HS-grad,9,143582,35,0,Married-civ-spouse,Vietnam,Adm-clerical,Asian-Pac-Islander,Wife,Female,Private
22986,23,0,0,HS-grad,9,176123,40,0,Never-married,Vietnam,Tech-support,Asian-Pac-Islander,Other-relative,Male,Private
23752,46,0,0,Some-college,10,124733,40,0,Married-civ-spouse,Vietnam,Craft-repair,Asian-Pac-Islander,Husband,Male,Private
24322,33,0,0,HS-grad,9,289886,40,0,Never-married,Vietnam,Other-service,Asian-Pac-Islander,Unmarried,Male,Self-emp-inc
24610,35,0,0,Bachelors,13,110188,40,0,Married-civ-spouse,Vietnam,Prof-specialty,Asian-Pac-Islander,Husband,Male,Federal-gov
26148,30,0,0,HS-grad,9,113364,40,0,Never-married,Vietnam,Machine-op-inspct,White,Other-relative,Male,Private
26367,45,0,0,Some-college,10,338105,40,0,Married-civ-spouse,Vietnam,Craft-repair,Asian-Pac-Islander,Husband,Male,Private
26866,21,0,0,Some-college,10,154835,40,0,Never-married,Vietnam,Adm-clerical,Asian-Pac-Islander,Own-child,Female,Private
27228,30,0,0,HS-grad,9,95299,40,1,Married-civ-spouse,Vietnam,Machine-op-inspct,Asian-Pac-Islander,Husband,Male,Private
27248,19,0,0,Some-college,10,165306,40,0,Never-married,Vietnam,Tech-support,Asian-Pac-Islander,Other-relative,Male,Private
27412,30,0,0,Bachelors,13,154568,36,1,Married-civ-spouse,Vietnam,Craft-repair,Asian-Pac-Islander,Husband,Male,Private
27782,73,0,0,Bachelors,13,131982,5,0,Married-civ-spouse,Vietnam,None,Asian-Pac-Islander,Husband,Male,None
28746,21,0,0,Some-college,10,123983,10,0,Never-married,Vietnam,None,Asian-Pac-Islander,Other-relative,Male,None
28886,37,0,0,Some-college,10,289886,30,0,Never-married,Vietnam,Other-service,Asian-Pac-Islander,Other-relative,Male,Private
29205,31,0,0,Bachelors,13,198751,40,0,Never-married,Vietnam,Craft-repair,Asian-Pac-Islander,Not-in-family,Male,Private
29902,22,0,0,Some-college,10,117747,40,0,Never-married,Vietnam,Craft-repair,Asian-Pac-Islander,Other-relative,Female,Private
30038,23,0,0,10th,6,168009,40,0,Married-civ-spouse,Vietnam,Machine-op-inspct,Asian-Pac-Islander,Own-child,Female,Private
30698,26,0,0,Bachelors,13,122575,60,0,Never-married,Vietnam,Exec-managerial,Asian-Pac-Islander,Unmarried,Male,Private
31533,44,0,0,1st-4th,2,52028,40,0,Married-civ-spouse,Vietnam,Other-service,Asian-Pac-Islander,Wife,Female,Private
61,51,0,2415,Bachelors,13,160724,40,1,Married-civ-spouse,China,Sales,Asian-Pac-Islander,Husband,Male,Self-emp-not-inc
235,64,0,2057,Masters,14,149044,60,0,Married-civ-spouse,China,Prof-specialty,Asian-Pac-Islander,Husband,Male,Private
368,30,0,1977,Doctorate,16,315640,40,1,Married-civ-spouse,China,Prof-specialty,Asian-Pac-Islander,Husband,Male,Private
381,63,0,1977,Bachelors,13,35021,32,1,Married-civ-spouse,China,Prof-specialty,Asian-Pac-Islander,Husband,Male,Self-emp-not-inc
632,48,0,1902,Doctorate,16,143098,40,1,Married-civ-spouse,China,Prof-specialty,Asian-Pac-Islander,Husband,Male,Private
1162,46,0,1651,7th-8th,4,138370,40,0,Married-civ-spouse,China,Other-service,Asian-Pac-Islander,Husband,Male,Private
1389,57,0,1485,Bachelors,13,399246,40,0,Married-civ-spouse,China,Adm-clerical,Asian-Pac-Islander,Husband,Male,State-gov
2126,34,14084,0,HS-grad,9,160261,35,1,Never-married,China,Tech-support,Asian-Pac-Islander,Own-child,Male,Private
2525,53,7688,0,Bachelors,13,135339,20,1,Married-civ-spouse,China,Exec-managerial,Asian-Pac-Islander,Husband,Male,Self-emp-not-inc
3723,56,2885,0,Doctorate,16,54260,40,0,Married-civ-spouse,China,Prof-specialty,Asian-Pac-Islander,Not-in-family,Male,State-gov
3757,43,2829,0,HS-grad,9,154210,60,0,Married-civ-spouse,China,Other-service,Asian-Pac-Islander,Husband,Male,Private
5071,31,0,0,Doctorate,16,196025,60,0,Married-spouse-absent,China,Prof-specialty,Asian-Pac-Islander,Not-in-family,Male,Private
5180,33,0,0,HS-grad,9,163003,41,0,Divorced,China,None,Asian-Pac-Islander,Not-in-family,Female,None
5428,44,0,0,Bachelors,13,123983,40,0,Divorced,China,Other-service,Asian-Pac-Islander,Not-in-family,Male,Private
5586,24,0,0,Bachelors,13,67222,45,0,Never-married,China,Machine-op-inspct,Asian-Pac-Islander,Not-in-family,Male,Private
5593,41,0,0,Masters,14,233955,45,1,Married-civ-spouse,China,Prof-specialty,Asian-Pac-Islander,Husband,Male,Private
5776,28,0,0,7th-8th,4,162551,48,0,Married-civ-spouse,China,Machine-op-inspct,Asian-Pac-Islander,Other-relative,Female,Private
6122,23,0,0,Some-college,10,243190,20,0,Never-married,China,None,Asian-Pac-Islander,Own-child,Male,None
6203,35,0,0,Prof-school,15,356250,35,0,Married-civ-spouse,China,Sales,Asian-Pac-Islander,Husband,Male,Private
7217,36,0,0,Masters,14,120760,40,0,Married-civ-spouse,China,Prof-specialty,Asian-Pac-Islander,Husband,Male,Private
7233,53,0,0,Bachelors,13,166386,40,0,Married-civ-spouse,China,Machine-op-inspct,Asian-Pac-Islander,Wife,Female,Private
7288,32,0,0,Bachelors,13,353994,40,1,Married-civ-spouse,China,Exec-managerial,Asian-Pac-Islander,Other-relative,Female,Private
7526,37,0,0,Bachelors,13,80638,30,0,Married-civ-spouse,China,Other-service,Asian-Pac-Islander,Husband,Male,Private
8052,24,0,0,Masters,14,123160,10,0,Married-spouse-absent,China,Prof-specialty,Asian-Pac-Islander,Not-in-family,Female,State-gov
8763,52,0,0,9th,5,310045,30,0,Married-spouse-absent,China,Machine-op-inspct,Asian-Pac-Islander,Not-in-family,Female,Private
9071,43,0,0,10th,6,361280,42,0,Married-civ-spouse,China,Craft-repair,Asian-Pac-Islander,Husband,Male,Private
9313,45,0,0,HS-grad,9,285575,40,0,Married-civ-spouse,China,Exec-managerial,Asian-Pac-Islander,Husband,Male,Self-emp-not-inc
11040,27,0,0,Masters,14,315640,20,0,Never-married,China,Prof-specialty,Asian-Pac-Islander,Not-in-family,Male,State-gov
11073,48,0,0,7th-8th,4,91251,30,0,Married-civ-spouse,China,Other-service,Asian-Pac-Islander,Husband,Male,Private
11382,30,0,0,Masters,14,70617,10,0,Married-civ-spouse,China,Prof-specialty,Asian-Pac-Islander,Husband,Male,State-gov
11409,54,0,0,Masters,14,161334,40,0,Married-spouse-absent,China,Prof-specialty,Asian-Pac-Islander,Not-in-family,Female,State-gov
11887,48,0,0,9th,5,162096,45,0,Married-civ-spouse,China,Machine-op-inspct,Asian-Pac-Islander,Other-relative,Female,Private
11957,75,0,0,10th,6,260543,1,0,Widowed,China,None,Asian-Pac-Islander,Other-relative,Female,None
12003,33,0,0,HS-grad,9,295649,40,0,Separated,China,Other-service,White,Unmarried,Female,Private
12285,33,0,0,HS-grad,9,143582,48,0,Separated,China,Other-service,Asian-Pac-Islander,Unmarried,Female,Private
12657,39,0,0,Masters,14,149943,40,0,Never-married,China,Sales,Asian-Pac-Islander,Not-in-family,Male,Private
13118,56,0,0,HS-grad,9,305767,40,0,Married-civ-spouse,China,Other-service,Asian-Pac-Islander,Husband,Male,Local-gov
13708,50,0,0,HS-grad,9,135643,40,0,Married-civ-spouse,China,Machine-op-inspct,Asian-Pac-Islander,Other-relative,Female,Private
14386,35,0,0,HS-grad,9,67083,40,0,Married-civ-spouse,China,Other-service,Asian-Pac-Islander,Husband,Male,Private
14458,49,0,0,HS-grad,9,91251,40,0,Married-civ-spouse,China,Other-service,Asian-Pac-Islander,Husband,Male,Private
16179,40,0,0,HS-grad,9,73025,30,0,Married-civ-spouse,China,Other-service,Asian-Pac-Islander,Husband,Male,Private
16242,32,0,0,Bachelors,13,331539,50,1,Married-civ-spouse,China,Exec-managerial,Asian-Pac-Islander,Husband,Male,Private
16347,40,0,0,Masters,14,182460,38,1,Married-civ-spouse,China,Prof-specialty,Asian-Pac-Islander,Wife,Female,State-gov
16434,34,0,0,HS-grad,9,324654,40,0,Never-married,China,Machine-op-inspct,Asian-Pac-Islander,Own-child,Male,Private
16911,40,0,0,Some-college,10,137367,50,0,Married-civ-spouse,China,Exec-managerial,Asian-Pac-Islander,Husband,Male,Self-emp-inc
17629,36,0,0,HS-grad,9,130620,40,1,Married-civ-spouse,China,Adm-clerical,Asian-Pac-Islander,Wife,Female,Local-gov
17807,25,0,0,Some-college,10,160261,40,0,Never-married,China,Exec-managerial,Asian-Pac-Islander,Own-child,Male,Private
19033,33,0,0,Bachelors,13,152875,40,0,Married-civ-spouse,China,None,Asian-Pac-Islander,Wife,Female,None
19171,52,0,0,HS-grad,9,126978,40,0,Married-civ-spouse,China,Machine-op-inspct,Asian-Pac-Islander,Wife,Female,Private
21424,41,0,0,HS-grad,9,173858,40,0,Married-civ-spouse,China,Other-service,Asian-Pac-Islander,Husband,Male,Private
21908,62,0,0,HS-grad,9,72486,24,0,Married-civ-spouse,China,None,Asian-Pac-Islander,Husband,Male,None
22417,61,0,0,Preschool,1,98350,40,0,Married-spouse-absent,China,Other-service,Asian-Pac-Islander,Not-in-family,Male,Private
22993,34,0,0,Doctorate,16,145874,20,0,Married-civ-spouse,China,Tech-support,Asian-Pac-Islander,Husband,Male,State-gov
23033,30,0,0,Bachelors,13,182771,15,0,Never-married,China,Other-service,Asian-Pac-Islander,Not-in-family,Male,Private
23393,39,0,0,Bachelors,13,123983,40,0,Divorced,China,Sales,Asian-Pac-Islander,Not-in-family,Male,Private
23463,34,0,0,Masters,14,88215,40,1,Married-civ-spouse,China,Prof-specialty,Asian-Pac-Islander,Wife,Female,Private
23857,70,0,0,Bachelors,13,135339,40,0,Married-civ-spouse,China,None,Asian-Pac-Islander,Husband,Male,None
24235,69,0,0,Doctorate,16,230417,40,1,Married-civ-spouse,China,Prof-specialty,White,Husband,Male,Private
24253,59,0,0,HS-grad,9,98350,40,0,Divorced,China,Other-service,Asian-Pac-Islander,Not-in-family,Male,Private
24473,60,0,0,Masters,14,69251,38,1,Married-civ-spouse,China,Prof-specialty,Asian-Pac-Islander,Husband,Male,State-gov
24955,45,0,0,Bachelors,13,160724,45,1,Married-civ-spouse,China,Exec-managerial,Asian-Pac-Islander,Husband,Male,Self-emp-not-inc
25535,46,0,0,10th,6,98350,37,0,Married-spouse-absent,China,Other-service,Asian-Pac-Islander,Not-in-family,Male,Private
26012,41,0,0,7th-8th,4,173858,40,0,Married-civ-spouse,China,Craft-repair,Asian-Pac-Islander,Husband,Male,Private
26510,64,0,0,Doctorate,16,175534,40,1,Married-civ-spouse,China,Prof-specialty,Asian-Pac-Islander,Husband,Male,Federal-gov
26898,54,0,0,Preschool,1,175262,40,0,Married-civ-spouse,China,Craft-repair,Asian-Pac-Islander,Husband,Male,Private
27253,36,0,0,Bachelors,13,297335,50,0,Never-married,China,Sales,Asian-Pac-Islander,Not-in-family,Female,Private
27434,30,0,0,Bachelors,13,110622,40,0,Divorced,China,Exec-managerial,Asian-Pac-Islander,Not-in-family,Female,Private
29414,40,0,0,Bachelors,13,191342,40,1,Married-civ-spouse,China,Exec-managerial,Asian-Pac-Islander,Husband,Male,Private
30669,45,0,0,Bachelors,13,191098,40,0,Married-civ-spouse,China,Prof-specialty,Asian-Pac-Islander,Husband,Male,Private
30682,22,0,0,Some-college,10,243190,40,0,Never-married,China,None,Asian-Pac-Islander,Own-child,Male,None
30789,45,0,0,Doctorate,16,243631,45,1,Married-civ-spouse,China,Prof-specialty,Asian-Pac-Islander,Husband,Male,Private
30838,45,0,0,Bachelors,13,304570,60,1,Married-civ-spouse,China,Exec-managerial,Asian-Pac-Islander,Husband,Male,Private
31065,31,0,0,Doctorate,16,298871,40,0,Married-civ-spouse,China,Prof-specialty,Asian-Pac-Islander,Husband,Male,Private
31595,29,0,0,HS-grad,9,119359,10,1,Married-civ-spouse,China,Prof-specialty,Asian-Pac-Islander,Wife,Female,Private
31670,23,0,0,Bachelors,13,162551,35,0,Never-married,China,Prof-specialty,Asian-Pac-Islander,Own-child,Female,Local-gov
79,31,0,2415,Masters,14,279015,70,1,Married-civ-spouse,Taiwan,Exec-managerial,White,Husband,Male,Private
475,41,0,1977,Bachelors,13,93227,60,1,Married-civ-spouse,Taiwan,Exec-managerial,Asian-Pac-Islander,Husband,Male,Self-emp-inc
665,35,0,1902,Doctorate,16,161637,40,1,Married-civ-spouse,Taiwan,Prof-specialty,Asian-Pac-Islander,Husband,Male,Private
1203,20,0,1602,Some-college,10,144685,40,0,Never-married,Taiwan,None,Asian-Pac-Islander,Own-child,Female,None
1502,47,99999,0,Prof-school,15,345493,55,1,Married-civ-spouse,Taiwan,Prof-specialty,Asian-Pac-Islander,Husband,Male,Private
2611,34,7298,0,Masters,14,142897,35,1,Married-civ-spouse,Taiwan,Exec-managerial,Asian-Pac-Islander,Husband,Male,Private
3897,29,2202,0,Bachelors,13,163003,40,0,Never-married,Taiwan,Adm-clerical,Asian-Pac-Islander,Own-child,Female,Private
4701,35,0,0,Doctorate,16,292472,40,1,Married-civ-spouse,Taiwan,Prof-specialty,Asian-Pac-Islander,Husband,Male,Private
5057,22,0,0,Bachelors,13,191342,50,0,Never-married,Taiwan,Sales,Asian-Pac-Islander,Own-child,Male,Private
6089,41,0,0,Masters,14,116379,55,1,Married-civ-spouse,Taiwan,Prof-specialty,Asian-Pac-Islander,Husband,Male,Private
6134,36,0,0,Masters,14,116358,40,1,Married-civ-spouse,Taiwan,Exec-managerial,Asian-Pac-Islander,Husband,Male,Private
6599,29,0,0,Masters,14,123983,40,0,Never-married,Taiwan,Prof-specialty,Asian-Pac-Islander,Own-child,Male,Local-gov
7456,33,0,0,HS-grad,9,139057,84,1,Married-civ-spouse,Taiwan,Exec-managerial,Asian-Pac-Islander,Husband,Male,Self-emp-inc
7635,23,0,0,Bachelors,13,285004,50,0,Never-married,Taiwan,Sales,Asian-Pac-Islander,Not-in-family,Male,Private
7884,31,0,0,Some-college,10,27494,50,0,Married-civ-spouse,Taiwan,Sales,Asian-Pac-Islander,Husband,Male,Private
8552,40,0,0,Doctorate,16,506329,40,1,Married-civ-spouse,Taiwan,Prof-specialty,Asian-Pac-Islander,Husband,Male,State-gov
8571,51,0,0,Bachelors,13,166386,35,0,Married-civ-spouse,Taiwan,Exec-managerial,Asian-Pac-Islander,Wife,Female,Self-emp-inc
9726,30,0,0,Bachelors,13,203834,50,0,Never-married,Taiwan,None,Asian-Pac-Islander,Not-in-family,Female,None
10393,38,0,0,Doctorate,16,200289,40,0,Married-civ-spouse,Taiwan,Prof-specialty,Asian-Pac-Islander,Husband,Male,State-gov
11660,34,0,0,Doctorate,16,319854,40,1,Never-married,Taiwan,Prof-specialty,White,Not-in-family,Male,Private
11739,42,0,0,Some-college,10,96509,60,0,Married-civ-spouse,Taiwan,Exec-managerial,Asian-Pac-Islander,Husband,Male,Self-emp-inc
12652,30,0,0,Masters,14,137613,17,0,Married-civ-spouse,Taiwan,Prof-specialty,Asian-Pac-Islander,Husband,Male,State-gov
12778,29,0,0,Masters,14,309620,20,0,Married-civ-spouse,Taiwan,Prof-specialty,Asian-Pac-Islander,Husband,Male,State-gov
13940,42,0,0,Bachelors,13,157443,27,1,Married-civ-spouse,Taiwan,Prof-specialty,Asian-Pac-Islander,Wife,Female,Private
14053,41,0,0,Masters,14,183224,40,1,Married-civ-spouse,Taiwan,Prof-specialty,Asian-Pac-Islander,Wife,Female,Local-gov
14775,28,0,0,Bachelors,13,173800,10,0,Married-spouse-absent,Taiwan,None,Asian-Pac-Islander,Not-in-family,Female,None
16534,24,0,0,Bachelors,13,281221,40,0,Never-married,Taiwan,Adm-clerical,Asian-Pac-Islander,Other-relative,Female,Private
16982,30,0,0,Bachelors,13,163003,52,0,Never-married,Taiwan,Exec-managerial,Asian-Pac-Islander,Own-child,Female,Private
18331,21,0,0,Some-college,10,162160,40,0,Never-married,Taiwan,None,Asian-Pac-Islander,Own-child,Male,None
18830,57,0,0,Prof-school,15,180211,50,1,Married-civ-spouse,Taiwan,Prof-specialty,Asian-Pac-Islander,Husband,Male,Self-emp-inc
19301,30,0,0,Bachelors,13,33811,40,1,Married-civ-spouse,Taiwan,None,Other,Wife,Female,None
19389,44,0,0,Prof-school,15,149943,60,1,Married-civ-spouse,Taiwan,Prof-specialty,Asian-Pac-Islander,Husband,Male,Self-emp-not-inc
19684,42,0,0,Doctorate,16,139012,40,1,Married-civ-spouse,Taiwan,Prof-specialty,Asian-Pac-Islander,Husband,Male,Private
19753,28,0,0,Bachelors,13,168901,40,0,Married-civ-spouse,Taiwan,Prof-specialty,Asian-Pac-Islander,Husband,Male,Private
20572,25,0,0,Bachelors,13,190650,40,0,Never-married,Taiwan,Prof-specialty,Asian-Pac-Islander,Own-child,Male,Private
20830,27,0,0,Masters,14,173800,20,0,Never-married,Taiwan,None,Asian-Pac-Islander,Unmarried,Male,None
22232,25,0,0,Bachelors,13,170428,28,0,Never-married,Taiwan,None,Asian-Pac-Islander,Not-in-family,Male,None
22398,22,0,0,Bachelors,13,110622,15,0,Never-married,Taiwan,None,Asian-Pac-Islander,Own-child,Female,None
22707,35,0,0,Masters,14,285102,40,1,Never-married,Taiwan,Prof-specialty,Asian-Pac-Islander,Not-in-family,Female,Private
23803,30,0,0,Masters,14,137613,20,0,Married-civ-spouse,Taiwan,Prof-specialty,Asian-Pac-Islander,Husband,Male,State-gov
24140,24,0,0,Bachelors,13,172152,25,0,Never-married,Taiwan,None,Asian-Pac-Islander,Not-in-family,Male,None
24347,61,0,0,Doctorate,16,98350,40,1,Married-civ-spouse,Taiwan,Exec-managerial,Asian-Pac-Islander,Husband,Male,Self-emp-inc
24699,29,0,0,Masters,14,214284,20,0,Never-married,Taiwan,Prof-specialty,Asian-Pac-Islander,Unmarried,Female,State-gov
25827,25,0,0,Bachelors,13,160261,35,0,Never-married,Taiwan,Exec-managerial,Asian-Pac-Islander,Own-child,Male,Self-emp-inc
26161,36,0,0,Assoc-acdm,12,247600,40,0,Divorced,Taiwan,Exec-managerial,Asian-Pac-Islander,Unmarried,Female,Private
26936,26,0,0,Bachelors,13,190650,40,0,Never-married,Taiwan,Adm-clerical,Asian-Pac-Islander,Own-child,Male,Private
27131,41,0,0,HS-grad,9,178431,40,0,Married-civ-spouse,Taiwan,Craft-repair,Asian-Pac-Islander,Husband,Male,Private
28523,57,0,0,Doctorate,16,127277,40,1,Married-civ-spouse,Taiwan,Prof-specialty,Asian-Pac-Islander,Husband,Male,Private
29961,36,0,0,HS-grad,9,247936,2,0,Married-civ-spouse,Taiwan,Other-service,Asian-Pac-Islander,Wife,Female,Private
30994,26,0,0,Some-college,10,332008,37,0,Never-married,Taiwan,Craft-repair,Asian-Pac-Islander,Unmarried,Male,Private
31971,32,0,0,Masters,14,116138,11,0,Never-married,Taiwan,Tech-support,Asian-Pac-Islander,Not-in-family,Male,Private
32055,39,3464,0,Masters,14,157443,40,0,Married-civ-spouse,Taiwan,None,Asian-Pac-Islander,Wife,Female,None
32227,37,0,0,Doctorate,16,188576,40,0,Married-civ-spouse,Taiwan,Prof-specialty,Asian-Pac-Islander,Husband,Male,Private
32266,38,0,0,Masters,14,154568,40,0,Married-civ-spouse,Taiwan,Exec-managerial,Asian-Pac-Islander,Husband,Male,Private
32326,35,0,0,Masters,14,193260,40,1,Married-civ-spouse,Taiwan,Sales,Asian-Pac-Islander,Husband,Male,Self-emp-not-inc
32445,38,0,0,Masters,14,320451,40,0,Married-civ-spouse,Taiwan,Prof-specialty,Asian-Pac-Islander,Husband,Male,Private
85,39,0,2415,Prof-school,15,198654,67,1,Married-civ-spouse,India,Prof-specialty,Asian-Pac-Islander,Husband,Male,Private
206,42,0,2201,Masters,14,23510,60,1,Divorced,India,Exec-managerial,Asian-Pac-Islander,Unmarried,Male,Self-emp-inc
692,42,0,1902,Masters,14,198341,55,1,Married-civ-spouse,India,Prof-specialty,Asian-Pac-Islander,Husband,Male,Private
866,23,0,1887,Masters,14,143003,50,1,Married-civ-spouse,India,Prof-specialty,Asian-Pac-Islander,Husband,Male,Private
1301,55,0,1579,Bachelors,13,135803,35,0,Married-civ-spouse,India,Exec-managerial,Other,Husband,Male,Private
1320,34,0,1564,Prof-school,15,98283,40,1,Never-married,India,Tech-support,Asian-Pac-Islander,Not-in-family,Male,Private
1327,29,0,1564,HS-grad,9,341672,50,1,Married-spouse-absent,India,Transport-moving,Asian-Pac-Islander,Other-relative,Male,Self-emp-not-inc
1530,59,99999,0,Prof-school,15,122283,40,1,Married-civ-spouse,India,Prof-specialty,Asian-Pac-Islander,Husband,Male,Private
1544,53,99999,0,Bachelors,13,366957,50,1,Married-civ-spouse,India,Exec-managerial,Asian-Pac-Islander,Husband,Male,Private
1621,51,99999,0,Prof-school,15,120781,70,1,Married-civ-spouse,India,Prof-specialty,Other,Husband,Male,Self-emp-not-inc
1911,57,15024,0,Prof-school,15,123053,50,1,Married-civ-spouse,India,Prof-specialty,Asian-Pac-Islander,Husband,Male,Self-emp-inc
2579,38,7688,0,Bachelors,13,125499,60,1,Married-civ-spouse,India,Prof-specialty,Asian-Pac-Islander,Husband,Male,State-gov
2678,54,7298,0,Masters,14,225599,40,1,Married-civ-spouse,India,Prof-specialty,Asian-Pac-Islander,Husband,Male,Private
2732,41,7298,0,Assoc-voc,11,143003,60,1,Married-civ-spouse,India,Other-service,Asian-Pac-Islander,Husband,Male,Private
3089,51,5013,0,Masters,14,123053,40,0,Married-civ-spouse,India,Prof-specialty,Asian-Pac-Islander,Husband,Male,Private
3268,53,4386,0,Masters,14,70387,40,1,Married-civ-spouse,India,Prof-specialty,Asian-Pac-Islander,Husband,Male,Private
3300,58,4064,0,Doctorate,16,110517,40,0,Married-civ-spouse,India,Prof-specialty,Asian-Pac-Islander,Husband,Male,State-gov
3620,40,3103,0,Doctorate,16,220977,40,1,Married-civ-spouse,India,Exec-managerial,Asian-Pac-Islander,Husband,Male,Private
3662,34,3103,0,Masters,14,99872,40,1,Married-civ-spouse,India,Exec-managerial,Asian-Pac-Islander,Husband,Male,Private
3820,26,2463,0,Prof-school,15,203279,50,0,Never-married,India,Prof-specialty,Asian-Pac-Islander,Not-in-family,Male,State-gov
4084,17,1055,0,11th,7,56536,18,0,Never-married,India,Sales,White,Own-child,Female,Private
4149,30,0,0,Bachelors,13,141297,40,1,Married-civ-spouse,India,Prof-specialty,Asian-Pac-Islander,Husband,Male,State-gov
4901,28,0,0,Assoc-voc,11,164170,40,0,Married-civ-spouse,India,Adm-clerical,Asian-Pac-Islander,Wife,Female,Private
4971,48,0,0,Bachelors,13,164966,40,1,Married-civ-spouse,India,Exec-managerial,Asian-Pac-Islander,Husband,Male,Private
5021,48,0,0,Masters,14,138370,50,0,Married-spouse-absent,India,Sales,Asian-Pac-Islander,Not-in-family,Male,Self-emp-inc
5074,22,0,0,Bachelors,13,361280,20,0,Never-married,India,Prof-specialty,Asian-Pac-Islander,Own-child,Male,Self-emp-not-inc
5273,52,0,0,HS-grad,9,168381,40,1,Widowed,India,Other-service,Asian-Pac-Islander,Unmarried,Female,Private
5946,28,0,0,11th,7,130620,40,0,Separated,India,Adm-clerical,Asian-Pac-Islander,Unmarried,Female,State-gov
6679,44,0,0,Masters,14,178385,48,0,Married-civ-spouse,India,Exec-managerial,Asian-Pac-Islander,Husband,Male,Private
7953,30,0,0,Bachelors,13,302149,40,0,Married-civ-spouse,India,Sales,Asian-Pac-Islander,Husband,Male,Private
7979,29,0,0,Bachelors,13,193260,30,0,Married-civ-spouse,India,Craft-repair,Asian-Pac-Islander,Other-relative,Male,Private
7990,57,0,0,Bachelors,13,148509,35,0,Married-civ-spouse,India,Prof-specialty,Asian-Pac-Islander,Husband,Male,Local-gov
8936,46,0,0,Some-college,10,199316,40,0,Married-civ-spouse,India,Craft-repair,Asian-Pac-Islander,Other-relative,Male,Private
9450,46,0,0,Assoc-acdm,12,175262,40,0,Married-civ-spouse,India,Adm-clerical,Asian-Pac-Islander,Husband,Male,Private
9535,20,0,0,Some-college,10,116666,8,0,Never-married,India,Sales,Asian-Pac-Islander,Own-child,Male,Private
10088,29,0,0,Doctorate,16,87507,60,0,Married-civ-spouse,India,Prof-specialty,Asian-Pac-Islander,Husband,Male,Private
10337,42,0,0,Prof-school,15,102343,72,1,Married-civ-spouse,India,Prof-specialty,Asian-Pac-Islander,Husband,Male,State-gov
10361,54,0,0,Masters,14,93449,40,1,Married-civ-spouse,India,Prof-specialty,Asian-Pac-Islander,Husband,Male,State-gov
10843,35,0,0,Masters,14,107302,40,0,Married-civ-spouse,India,Sales,White,Husband,Male,Private
10919,29,0,0,Some-college,10,130620,26,0,Married-spouse-absent,India,Sales,Asian-Pac-Islander,Own-child,Female,Private
11083,36,0,0,Prof-school,15,172104,40,1,Never-married,India,Prof-specialty,Other,Not-in-family,Male,Private
11943,18,0,0,HS-grad,9,119422,30,0,Never-married,India,Other-service,Asian-Pac-Islander,Unmarried,Female,Self-emp-inc
12293,48,0,0,Masters,14,167918,50,0,Married-civ-spouse,India,Sales,Asian-Pac-Islander,Husband,Male,Self-emp-not-inc
12512,45,0,0,Masters,14,94754,40,0,Married-civ-spouse,India,Adm-clerical,White,Husband,Male,State-gov
12641,43,0,0,Prof-school,15,325706,50,1,Married-civ-spouse,India,Prof-specialty,Asian-Pac-Islander,Husband,Male,Federal-gov
12794,31,0,0,Bachelors,13,341672,60,0,Married-civ-spouse,India,Adm-clerical,Asian-Pac-Islander,Husband,Male,Private
12961,33,0,0,HS-grad,9,357954,35,0,Married-civ-spouse,India,Handlers-cleaners,White,Husband,Male,Private
13211,35,0,0,Prof-school,15,98283,40,1,Never-married,India,Prof-specialty,Asian-Pac-Islander,Not-in-family,Male,Private
13332,30,0,0,Prof-school,15,243190,20,1,Married-civ-spouse,India,Prof-specialty,Asian-Pac-Islander,Husband,Male,Private
14188,36,0,0,HS-grad,9,99872,40,0,Married-civ-spouse,India,Craft-repair,Asian-Pac-Islander,Husband,Male,Private
14255,38,0,0,Bachelors,13,167725,84,0,Married-spouse-absent,India,Transport-moving,Other,Not-in-family,Male,Private
14716,24,0,0,Some-college,10,108495,40,0,Never-married,India,Adm-clerical,White,Own-child,Male,Private
15070,22,0,0,Some-college,10,320451,24,0,Never-married,India,Protective-serv,Asian-Pac-Islander,Own-child,Male,Private
15993,45,0,0,Bachelors,13,209912,40,1,Married-civ-spouse,India,Exec-managerial,Asian-Pac-Islander,Husband,Male,Private
16149,50,0,0,Prof-school,15,104849,40,0,Married-civ-spouse,India,Prof-specialty,Asian-Pac-Islander,Husband,Male,Self-emp-inc
16705,36,0,0,Masters,14,110998,40,0,Widowed,India,Tech-support,Asian-Pac-Islander,Unmarried,Female,Private
17576,32,0,0,Masters,14,31740,40,0,Married-civ-spouse,India,Prof-specialty,Asian-Pac-Islander,Husband,Male,Private
17839,41,0,0,Assoc-acdm,12,207578,50,1,Married-civ-spouse,India,Exec-managerial,Black,Husband,Male,Private
18111,47,0,0,Masters,14,191411,45,0,Married-civ-spouse,India,Prof-specialty,Asian-Pac-Islander,Husband,Male,Private
18501,43,0,0,Masters,14,242968,40,1,Married-civ-spouse,India,Exec-managerial,Asian-Pac-Islander,Husband,Male,Private
20024,26,0,0,Bachelors,13,147719,20,0,Never-married,India,Prof-specialty,Asian-Pac-Islander,Not-in-family,Male,State-gov
20369,27,0,0,11th,7,154210,35,0,Married-spouse-absent,India,Sales,Asian-Pac-Islander,Own-child,Male,Private
21185,27,0,0,Prof-school,15,236481,10,0,Never-married,India,Prof-specialty,Asian-Pac-Islander,Not-in-family,Male,Private
21213,45,0,0,9th,5,175262,40,0,Married-civ-spouse,India,Handlers-cleaners,Asian-Pac-Islander,Husband,Male,Private
21853,24,0,0,Masters,14,147719,20,0,Never-married,India,Prof-specialty,Asian-Pac-Islander,Not-in-family,Male,State-gov
22208,30,0,0,Masters,14,122889,50,1,Married-civ-spouse,India,Prof-specialty,Asian-Pac-Islander,Husband,Male,Private
22210,49,0,0,Bachelors,13,176341,40,0,Never-married,India,Tech-support,Asian-Pac-Islander,Unmarried,Female,Private
23348,59,0,0,10th,6,138370,40,0,Married-spouse-absent,India,Protective-serv,Asian-Pac-Islander,Not-in-family,Male,Private
23731,25,0,0,Some-college,10,103358,40,0,Never-married,India,Machine-op-inspct,White,Own-child,Male,Private
23860,34,0,0,Bachelors,13,100079,55,0,Married-civ-spouse,India,Sales,Asian-Pac-Islander,Husband,Male,Self-emp-not-inc
24244,55,0,0,Doctorate,16,120781,40,1,Married-civ-spouse,India,Prof-specialty,Asian-Pac-Islander,Husband,Male,State-gov
24602,49,0,0,Masters,14,138370,40,0,Married-spouse-absent,India,Protective-serv,Asian-Pac-Islander,Not-in-family,Male,Private
24818,46,0,0,Bachelors,13,229737,50,1,Married-civ-spouse,India,Sales,White,Husband,Male,Private
24836,54,0,0,Preschool,1,349340,40,0,Married-civ-spouse,India,Craft-repair,Asian-Pac-Islander,Husband,Male,Private
25429,28,0,0,Some-college,10,191342,40,0,Never-married,India,Sales,Other,Not-in-family,Male,Private
25518,43,0,0,Bachelors,13,140988,45,0,Married-civ-spouse,India,Sales,Asian-Pac-Islander,Other-relative,Male,Self-emp-inc
25847,21,0,0,Some-college,10,156687,30,0,Never-married,India,Sales,Asian-Pac-Islander,Own-child,Male,Private
26083,61,0,0,HS-grad,9,124242,40,0,Married-civ-spouse,India,Protective-serv,Black,Husband,Male,Private
26151,35,0,0,Masters,14,79586,40,1,Married-civ-spouse,India,Prof-specialty,Asian-Pac-Islander,Husband,Male,Self-emp-inc
26281,31,0,0,11th,7,130620,40,0,Married-spouse-absent,India,Sales,Asian-Pac-Islander,Own-child,Female,Private
26640,27,0,0,Bachelors,13,207352,40,1,Married-civ-spouse,India,Tech-support,Asian-Pac-Islander,Husband,Male,Private
26655,35,0,0,10th,6,176123,60,0,Married-civ-spouse,India,Other-service,Asian-Pac-Islander,Husband,Male,Private
27373,47,0,0,Masters,14,334679,42,0,Separated,India,Machine-op-inspct,Asian-Pac-Islander,Unmarried,Female,Private
27433,33,0,0,Masters,14,200289,19,0,Married-civ-spouse,India,Prof-specialty,Asian-Pac-Islander,Husband,Male,State-gov
27793,31,0,0,11th,7,137367,40,0,Married-spouse-absent,India,Handlers-cleaners,Asian-Pac-Islander,Not-in-family,Male,Private
27801,61,0,0,Masters,14,80896,45,1,Married-civ-spouse,India,Prof-specialty,Asian-Pac-Islander,Husband,Male,Private
28010,31,0,0,Some-college,10,341672,50,0,Married-civ-spouse,India,Adm-clerical,Asian-Pac-Islander,Husband,Male,Private
28066,33,0,0,Bachelors,13,173858,40,0,Married-civ-spouse,India,Adm-clerical,Asian-Pac-Islander,Other-relative,Male,Private
28564,34,0,0,Masters,14,165737,43,1,Married-civ-spouse,India,Prof-specialty,Asian-Pac-Islander,Husband,Male,Private
28645,45,0,0,Prof-school,15,216402,50,1,Married-civ-spouse,India,Prof-specialty,Asian-Pac-Islander,Husband,Male,Self-emp-not-inc
28678,32,0,0,11th,7,137367,40,0,Never-married,India,Craft-repair,Asian-Pac-Islander,Not-in-family,Male,Private
28768,30,0,0,Masters,14,116666,50,1,Divorced,India,Prof-specialty,Asian-Pac-Islander,Not-in-family,Male,Self-emp-not-inc
28784,27,0,0,Some-college,10,341672,40,0,Never-married,India,Adm-clerical,Asian-Pac-Islander,Other-relative,Male,Private
29117,25,0,0,Bachelors,13,124483,20,0,Never-married,India,Adm-clerical,Asian-Pac-Islander,Not-in-family,Male,Local-gov
29486,31,0,0,Prof-school,15,173858,40,0,Married-civ-spouse,India,Tech-support,Asian-Pac-Islander,Husband,Male,Private
29562,32,0,0,Bachelors,13,79586,40,0,Married-civ-spouse,India,Prof-specialty,Asian-Pac-Islander,Husband,Male,Private
29883,41,0,0,Prof-school,15,219155,50,1,Married-civ-spouse,India,Prof-specialty,White,Husband,Male,Federal-gov
29918,48,0,0,Doctorate,16,119471,40,1,Married-civ-spouse,India,Prof-specialty,Asian-Pac-Islander,Husband,Male,Private
30488,25,0,0,Assoc-acdm,12,110978,37,1,Married-civ-spouse,India,Adm-clerical,Asian-Pac-Islander,Wife,Female,Private
30519,26,0,0,Masters,14,160261,20,0,Never-married,India,Prof-specialty,Asian-Pac-Islander,Not-in-family,Male,Private
31982,43,0,2415,Prof-school,15,156996,55,1,Married-civ-spouse,India,Prof-specialty,Asian-Pac-Islander,Husband,Male,Federal-gov
32018,40,99999,0,Prof-school,15,79586,40,1,Married-civ-spouse,India,Prof-specialty,Asian-Pac-Islander,Husband,Male,Private
32027,47,15024,0,Masters,14,120781,40,1,Married-civ-spouse,India,Exec-managerial,Asian-Pac-Islander,Husband,Male,Private
32040,45,7688,0,Prof-school,15,180239,40,1,Married-civ-spouse,India,Exec-managerial,Asian-Pac-Islander,Husband,Male,Self-emp-inc
32440,55,0,0,Doctorate,16,117357,70,1,Married-civ-spouse,India,Prof-specialty,Asian-Pac-Islander,Husband,Male,State-gov
90,46,0,2415,Bachelors,13,192963,35,1,Married-civ-spouse,Philippines,Adm-clerical,Asian-Pac-Islander,Husband,Male,Private
159,40,0,2258,Bachelors,13,287983,48,0,Never-married,Philippines,Tech-support,Asian-Pac-Islander,Not-in-family,Female,Private
234,45,0,2080,Assoc-acdm,12,207107,40,0,Divorced,Philippines,Adm-clerical,Asian-Pac-Islander,Unmarried,Male,Federal-gov
317,27,0,1980,Some-college,10,116358,40,0,Never-married,Philippines,Craft-repair,Asian-Pac-Islander,Own-child,Male,Private
438,39,0,1977,Bachelors,13,201410,45,1,Married-civ-spouse,Philippines,Transport-moving,White,Husband,Male,Private
543,57,0,1902,Prof-school,15,98350,40,1,Married-civ-spouse,Philippines,Craft-repair,Asian-Pac-Islander,Husband,Male,Private
554,40,0,1902,Masters,14,298635,40,1,Married-civ-spouse,Philippines,Tech-support,Asian-Pac-Islander,Husband,Male,Federal-gov
729,53,0,1887,Some-college,10,173093,40,1,Married-civ-spouse,Philippines,Exec-managerial,Asian-Pac-Islander,Wife,Female,Federal-gov
858,42,0,1887,Bachelors,13,230959,40,1,Married-civ-spouse,Philippines,Adm-clerical,Asian-Pac-Islander,Wife,Female,Private
1440,25,0,1092,Bachelors,13,74883,40,0,Never-married,Philippines,Tech-support,Asian-Pac-Islander,Not-in-family,Female,Private
1479,38,0,213,Bachelors,13,173047,40,0,Divorced,Philippines,Adm-clerical,Asian-Pac-Islander,Unmarried,Female,Private
1512,54,99999,0,Prof-school,15,269068,50,1,Married-civ-spouse,Philippines,Prof-specialty,Asian-Pac-Islander,Husband,Male,Self-emp-not-inc
1674,53,27828,0,Prof-school,15,137547,40,1,Never-married,Philippines,Prof-specialty,Asian-Pac-Islander,Not-in-family,Male,Self-emp-not-inc
1955,31,15024,0,Bachelors,13,167725,48,1,Married-civ-spouse,Philippines,Prof-specialty,Asian-Pac-Islander,Husband,Male,Private
2358,50,7688,0,Prof-school,15,156623,50,1,Married-civ-spouse,Philippines,Prof-specialty,Asian-Pac-Islander,Husband,Male,Self-emp-inc
2463,34,7688,0,Bachelors,13,122612,50,1,Married-civ-spouse,Philippines,Other-service,Asian-Pac-Islander,Wife,Female,Private
2683,37,7298,0,Bachelors,13,22201,40,1,Married-civ-spouse,Philippines,Adm-clerical,Asian-Pac-Islander,Husband,Male,Federal-gov
2698,50,7298,0,Masters,14,160724,40,1,Married-civ-spouse,Philippines,Exec-managerial,Asian-Pac-Islander,Husband,Male,Private
2764,35,7298,0,Bachelors,13,302149,40,1,Married-civ-spouse,Philippines,Sales,Asian-Pac-Islander,Husband,Male,Local-gov
2832,61,7298,0,5th-6th,3,81132,40,1,Married-civ-spouse,Philippines,Handlers-cleaners,Asian-Pac-Islander,Husband,Male,Private
3010,45,5178,0,Bachelors,13,261278,40,1,Married-civ-spouse,Philippines,Prof-specialty,Asian-Pac-Islander,Wife,Female,Private
3610,47,3103,0,Some-college,10,340982,40,1,Married-civ-spouse,Philippines,Machine-op-inspct,Asian-Pac-Islander,Husband,Male,Private
3677,41,3103,0,Bachelors,13,167106,35,1,Married-civ-spouse,Philippines,Adm-clerical,Asian-Pac-Islander,Husband,Male,Private
3766,29,2829,0,11th,7,157308,14,0,Married-civ-spouse,Philippines,Handlers-cleaners,Asian-Pac-Islander,Wife,Female,Private
4268,33,0,0,Bachelors,13,163003,40,0,Never-married,Philippines,Exec-managerial,Asian-Pac-Islander,Other-relative,Female,Private
4704,29,0,0,Some-college,10,71592,40,0,Never-married,Philippines,Adm-clerical,Asian-Pac-Islander,Unmarried,Female,State-gov
4892,32,0,0,Bachelors,13,270335,40,1,Married-civ-spouse,Philippines,Adm-clerical,White,Other-relative,Male,Private
5233,42,0,0,Assoc-acdm,12,158926,40,1,Divorced,Philippines,Prof-specialty,Asian-Pac-Islander,Unmarried,Female,Federal-gov
5507,50,0,0,Some-college,10,21095,40,0,Divorced,Philippines,Other-service,Asian-Pac-Islander,Unmarried,Male,Private
5518,37,0,0,HS-grad,9,70240,40,0,Never-married,Philippines,Other-service,Asian-Pac-Islander,Own-child,Female,Private
5653,45,0,0,Masters,14,166107,40,0,Never-married,Philippines,Adm-clerical,Asian-Pac-Islander,Not-in-family,Female,Private
5692,45,0,0,Bachelors,13,338105,40,0,Married-civ-spouse,Philippines,Adm-clerical,Asian-Pac-Islander,Husband,Male,Private
6056,44,0,0,Bachelors,13,239539,40,1,Married-civ-spouse,Philippines,Adm-clerical,Asian-Pac-Islander,Husband,Male,Federal-gov
6188,33,0,0,Some-college,10,86143,40,0,Never-married,Philippines,Exec-managerial,Asian-Pac-Islander,Own-child,Male,Private
6337,50,0,0,HS-grad,9,221336,40,0,Divorced,Philippines,Adm-clerical,Asian-Pac-Islander,Other-relative,Female,Private
6886,17,0,0,Some-college,10,110998,40,0,Never-married,Philippines,None,Asian-Pac-Islander,Own-child,Female,None
7832,33,0,0,Bachelors,13,182771,80,0,Never-married,Philippines,None,Asian-Pac-Islander,Own-child,Male,None
7999,25,0,0,HS-grad,9,64671,40,0,Divorced,Philippines,Handlers-cleaners,Asian-Pac-Islander,Own-child,Female,Private
8004,20,0,0,HS-grad,9,70240,24,0,Never-married,Philippines,Sales,Asian-Pac-Islander,Own-child,Female,Private
8221,27,0,0,Assoc-acdm,12,123984,35,0,Never-married,Philippines,Other-service,Asian-Pac-Islander,Not-in-family,Female,Private
8843,34,0,0,Bachelors,13,110622,40,0,Never-married,Philippines,Exec-managerial,Asian-Pac-Islander,Not-in-family,Female,Private
8912,23,0,0,11th,7,38151,40,0,Never-married,Philippines,Other-service,White,Other-relative,Male,Private
8994,51,0,0,11th,7,240988,40,0,Married-civ-spouse,Philippines,Machine-op-inspct,Asian-Pac-Islander,Husband,Male,Private
9057,46,0,0,Masters,14,137354,40,1,Married-civ-spouse,Philippines,Tech-support,Asian-Pac-Islander,Husband,Male,Private
9263,33,0,0,5th-6th,3,93206,40,0,Married-civ-spouse,Philippines,Farming-fishing,Asian-Pac-Islander,Husband,Male,Private
9492,24,0,0,Bachelors,13,86745,40,0,Married-civ-spouse,Philippines,Prof-specialty,Asian-Pac-Islander,Other-relative,Female,Private
9530,31,0,0,HS-grad,9,86143,40,0,Married-civ-spouse,Philippines,None,Asian-Pac-Islander,Husband,Male,None
9690,37,0,0,Bachelors,13,147638,36,0,Separated,Philippines,Other-service,Asian-Pac-Islander,Unmarried,Female,Private
10046,24,0,0,Some-college,10,73514,50,0,Never-married,Philippines,Sales,Asian-Pac-Islander,Not-in-family,Female,Private
10384,49,0,0,HS-grad,9,147032,8,0,Married-civ-spouse,Philippines,Other-service,Asian-Pac-Islander,Wife,Female,Private
10567,64,0,0,HS-grad,9,256466,60,1,Married-civ-spouse,Philippines,Tech-support,Asian-Pac-Islander,Husband,Male,Private
10694,27,0,0,Bachelors,13,188576,40,1,Separated,Philippines,Prof-specialty,Asian-Pac-Islander,Not-in-family,Male,Private
10812,38,0,0,Some-college,10,215917,40,0,Married-civ-spouse,Philippines,Sales,Asian-Pac-Islander,Husband,Male,Private
10831,35,0,0,Some-college,10,20469,40,0,Divorced,Philippines,Exec-managerial,Asian-Pac-Islander,Unmarried,Female,Federal-gov
11025,27,0,0,HS-grad,9,152246,40,0,Never-married,Philippines,Machine-op-inspct,Asian-Pac-Islander,Own-child,Male,Private
11326,45,0,0,Some-college,10,81132,40,0,Married-civ-spouse,Philippines,Craft-repair,Asian-Pac-Islander,Other-relative,Male,Private
11399,35,0,0,Bachelors,13,66297,40,1,Never-married,Philippines,Prof-specialty,Asian-Pac-Islander,Not-in-family,Female,Private
11432,49,0,0,Bachelors,13,104455,40,0,Married-spouse-absent,Philippines,Other-service,Asian-Pac-Islander,Not-in-family,Male,Private
11563,38,0,0,Assoc-voc,11,354739,36,1,Married-civ-spouse,Philippines,Prof-specialty,Asian-Pac-Islander,Husband,Male,Private
11716,36,0,0,HS-grad,9,154835,40,0,Separated,Philippines,Adm-clerical,Asian-Pac-Islander,Own-child,Female,Private
12015,38,0,0,Bachelors,13,227154,40,0,Married-civ-spouse,Philippines,Craft-repair,Asian-Pac-Islander,Husband,Male,Local-gov
12149,23,0,0,HS-grad,9,239539,40,0,Never-married,Philippines,Machine-op-inspct,Asian-Pac-Islander,Own-child,Male,Private
12178,60,0,0,Some-college,10,98350,60,0,Married-civ-spouse,Philippines,Other-service,Asian-Pac-Islander,Husband,Male,Local-gov
12224,22,0,0,Some-college,10,152744,40,0,Never-married,Philippines,Other-service,Asian-Pac-Islander,Not-in-family,Female,Private
12529,28,0,0,Prof-school,15,27956,99,0,Married-civ-spouse,Philippines,Prof-specialty,Asian-Pac-Islander,Husband,Male,Private
12564,59,0,0,10th,6,221336,40,0,Widowed,Philippines,Other-service,Asian-Pac-Islander,Other-relative,Female,Private
12573,43,0,0,Bachelors,13,355856,50,0,Married-civ-spouse,Philippines,Exec-managerial,Asian-Pac-Islander,Husband,Male,Self-emp-not-inc
12721,28,0,0,Some-college,10,154571,40,0,Married-civ-spouse,Philippines,Exec-managerial,Asian-Pac-Islander,Husband,Male,Private
12881,42,0,0,Bachelors,13,186376,72,1,Married-civ-spouse,Philippines,Other-service,Asian-Pac-Islander,Husband,Male,Private
12940,55,0,0,Bachelors,13,202559,35,0,Married-civ-spouse,Philippines,Other-service,Asian-Pac-Islander,Other-relative,Male,Private
13047,46,0,0,Bachelors,13,182533,40,0,Never-married,Philippines,Adm-clerical,Asian-Pac-Islander,Unmarried,Female,Private
13322,27,0,0,Bachelors,13,164170,20,0,Never-married,Philippines,Tech-support,Asian-Pac-Islander,Unmarried,Female,Private
13362,38,0,0,Some-college,10,116358,40,0,Married-civ-spouse,Philippines,Other-service,Asian-Pac-Islander,Husband,Male,Private
13412,30,0,0,Bachelors,13,285295,40,0,Married-civ-spouse,Philippines,Other-service,Asian-Pac-Islander,Wife,Female,Private
13758,26,0,0,Some-college,10,137367,44,0,Never-married,Philippines,Handlers-cleaners,Asian-Pac-Islander,Other-relative,Male,Private
13811,66,0,0,Bachelors,13,180211,30,0,Married-civ-spouse,Philippines,Craft-repair,Asian-Pac-Islander,Husband,Male,Private
13844,48,0,0,Bachelors,13,148121,40,0,Married-spouse-absent,Philippines,Adm-clerical,Asian-Pac-Islander,Unmarried,Female,Local-gov
13872,23,0,0,9th,5,82393,20,0,Never-married,Philippines,Other-service,Asian-Pac-Islander,Own-child,Male,Private
13956,50,0,0,Some-college,10,98350,40,1,Married-civ-spouse,Philippines,Adm-clerical,Asian-Pac-Islander,Husband,Male,Private
14640,28,0,0,HS-grad,9,239539,40,0,Married-spouse-absent,Philippines,Machine-op-inspct,Asian-Pac-Islander,Own-child,Male,Private
14754,27,0,0,Bachelors,13,298871,40,0,Never-married,Philippines,Other-service,Asian-Pac-Islander,Not-in-family,Male,Private
14882,52,0,0,Masters,14,63004,40,0,Married-civ-spouse,Philippines,Exec-managerial,Asian-Pac-Islander,Husband,Male,Self-emp-not-inc
14892,62,0,0,HS-grad,9,77884,40,0,Married-civ-spouse,Philippines,Sales,Asian-Pac-Islander,Husband,Male,Private
14970,22,0,0,Some-college,10,154422,30,0,Divorced,Philippines,Sales,Asian-Pac-Islander,Own-child,Female,Private
15012,39,0,0,Bachelors,13,191342,40,1,Married-civ-spouse,Philippines,Craft-repair,Asian-Pac-Islander,Husband,Male,Private
15132,59,0,0,Masters,14,333270,35,0,Married-civ-spouse,Philippines,Craft-repair,Asian-Pac-Islander,Wife,Female,Private
15170,45,0,0,Bachelors,13,77927,40,0,Widowed,Philippines,Other-service,Asian-Pac-Islander,Own-child,Female,Private
15429,28,0,0,HS-grad,9,70240,40,0,Married-spouse-absent,Philippines,Other-service,Asian-Pac-Islander,Not-in-family,Female,Private
15431,37,0,0,Bachelors,13,341672,40,0,Separated,Philippines,Tech-support,Asian-Pac-Islander,Not-in-family,Male,Private
15824,37,0,0,HS-grad,9,365465,70,0,Separated,Philippines,Craft-repair,White,Unmarried,Male,Private
15861,34,0,0,11th,7,73199,40,0,Never-married,Philippines,Other-service,Asian-Pac-Islander,Own-child,Male,Private
15922,24,0,0,Bachelors,13,197757,40,0,Never-married,Philippines,Prof-specialty,Asian-Pac-Islander,Own-child,Female,Private
15927,66,0,0,Bachelors,13,244661,40,0,Married-civ-spouse,Philippines,Adm-clerical,Asian-Pac-Islander,Husband,Male,Private
16020,47,0,0,HS-grad,9,135803,25,0,Married-civ-spouse,Philippines,Other-service,Asian-Pac-Islander,Husband,Male,Private
16252,90,0,0,Assoc-acdm,12,187749,20,0,Married-civ-spouse,Philippines,Adm-clerical,Asian-Pac-Islander,Husband,Male,Local-gov
16386,27,0,0,Bachelors,13,74883,40,0,Never-married,Philippines,Tech-support,Asian-Pac-Islander,Not-in-family,Female,Private
16594,22,0,0,Some-college,10,359759,20,0,Never-married,Philippines,Sales,Asian-Pac-Islander,Not-in-family,Male,Private
16626,37,0,0,HS-grad,9,37109,60,0,Married-civ-spouse,Philippines,Other-service,Asian-Pac-Islander,Wife,Female,Private
16815,39,0,0,Bachelors,13,165235,40,1,Separated,Philippines,Prof-specialty,Asian-Pac-Islander,Unmarried,Female,Private
16869,35,0,0,Bachelors,13,160120,40,1,Married-civ-spouse,Philippines,Adm-clerical,Asian-Pac-Islander,Husband,Male,Private
16894,19,0,0,11th,7,86150,19,0,Never-married,Philippines,Sales,Asian-Pac-Islander,Own-child,Female,Private
17016,28,0,0,HS-grad,9,375313,40,0,Married-civ-spouse,Philippines,Machine-op-inspct,Asian-Pac-Islander,Husband,Male,Private
17134,33,0,0,Assoc-voc,11,69251,40,0,Never-married,Philippines,Sales,Asian-Pac-Islander,Own-child,Male,Private
17169,45,0,0,HS-grad,9,81132,40,0,Married-civ-spouse,Philippines,Other-service,Asian-Pac-Islander,Husband,Male,Private
17408,23,0,0,Assoc-acdm,12,169104,16,0,Never-married,Philippines,None,Asian-Pac-Islander,Own-child,Male,None
17634,48,0,0,Bachelors,13,114561,36,1,Married-spouse-absent,Philippines,Prof-specialty,Asian-Pac-Islander,Other-relative,Female,Private
17916,69,0,0,1st-4th,2,248248,34,0,Married-civ-spouse,Philippines,None,Asian-Pac-Islander,Husband,Male,None
17988,26,0,0,Bachelors,13,71009,40,0,Never-married,Philippines,Prof-specialty,Asian-Pac-Islander,Not-in-family,Female,Private
18102,50,0,0,Bachelors,13,171225,40,1,Married-civ-spouse,Philippines,Exec-managerial,Asian-Pac-Islander,Husband,Male,Private
18253,63,0,0,5th-6th,3,106910,19,0,Widowed,Philippines,Other-service,Asian-Pac-Islander,Other-relative,Female,Private
18255,75,0,0,Preschool,1,71898,48,0,Never-married,Philippines,Priv-house-serv,Asian-Pac-Islander,Not-in-family,Female,Private
18389,38,0,0,Bachelors,13,169104,40,1,Married-civ-spouse,Philippines,Protective-serv,Asian-Pac-Islander,Husband,Male,Local-gov
18405,38,0,0,Some-college,10,193961,40,1,Married-civ-spouse,Philippines,Craft-repair,Asian-Pac-Islander,Husband,Male,Private
18703,29,0,0,HS-grad,9,320451,40,0,Never-married,Philippines,Protective-serv,Asian-Pac-Islander,Not-in-family,Male,Private
18831,54,0,0,Bachelors,13,219276,40,1,Married-civ-spouse,Philippines,Exec-managerial,Asian-Pac-Islander,Husband,Male,Local-gov
19064,21,0,0,Some-college,10,152246,40,0,Never-married,Philippines,Handlers-cleaners,Asian-Pac-Islander,Own-child,Male,Private
19438,55,0,0,9th,5,240988,40,0,Married-civ-spouse,Philippines,Machine-op-inspct,Asian-Pac-Islander,Other-relative,Male,Private
19553,46,0,0,HS-grad,9,148489,40,0,Married-spouse-absent,Philippines,None,Asian-Pac-Islander,Not-in-family,Male,None
20037,73,0,0,HS-grad,9,77884,40,0,Married-civ-spouse,Philippines,Farming-fishing,Asian-Pac-Islander,Husband,Male,Private
20153,26,0,0,Some-college,10,162302,40,0,Never-married,Philippines,Machine-op-inspct,Asian-Pac-Islander,Not-in-family,Male,Private
20299,26,0,0,Some-college,10,162312,20,0,Never-married,Philippines,Adm-clerical,Asian-Pac-Islander,Not-in-family,Male,Private
20364,39,0,0,Some-college,10,24106,40,1,Married-civ-spouse,Philippines,Sales,White,Husband,Male,Private
20417,41,0,0,Bachelors,13,19914,40,1,Married-civ-spouse,Philippines,Adm-clerical,Asian-Pac-Islander,Wife,Female,Federal-gov
20427,52,0,0,HS-grad,9,76860,8,0,Married-civ-spouse,Philippines,Handlers-cleaners,Asian-Pac-Islander,Husband,Male,Private
20822,36,0,0,Bachelors,13,130620,35,1,Married-civ-spouse,Philippines,Prof-specialty,Asian-Pac-Islander,Wife,Female,Private
20855,20,0,0,Some-college,10,298635,30,0,Never-married,Philippines,Sales,Asian-Pac-Islander,Own-child,Male,Private
20874,29,0,0,1st-4th,2,256211,40,0,Never-married,Philippines,None,Asian-Pac-Islander,Own-child,Male,None
20916,39,0,0,Some-college,10,70240,40,0,Married-civ-spouse,Philippines,Sales,Asian-Pac-Islander,Wife,Female,Private
21449,35,0,0,Bachelors,13,202397,40,1,Married-civ-spouse,Philippines,Craft-repair,Asian-Pac-Islander,Husband,Male,Private
21580,35,0,0,Bachelors,13,143589,40,0,Married-spouse-absent,Philippines,Prof-specialty,Asian-Pac-Islander,Not-in-family,Female,Private
21785,34,0,0,Some-college,10,69251,40,0,Married-civ-spouse,Philippines,Other-service,Asian-Pac-Islander,Husband,Male,Private
21839,60,0,0,HS-grad,9,276009,30,0,Married-civ-spouse,Philippines,Other-service,Asian-Pac-Islander,Husband,Male,Private
21954,27,0,0,Bachelors,13,190650,25,0,Never-married,Philippines,None,Asian-Pac-Islander,Unmarried,Male,None
22007,46,0,0,Some-college,10,91262,40,0,Married-spouse-absent,Philippines,Craft-repair,Asian-Pac-Islander,Not-in-family,Male,Private
22624,24,0,0,Assoc-voc,11,289448,40,0,Never-married,Philippines,Adm-clerical,Asian-Pac-Islander,Own-child,Female,Private
22676,55,0,0,HS-grad,9,76860,40,0,Married-civ-spouse,Philippines,Other-service,Asian-Pac-Islander,Other-relative,Male,Private
22771,39,0,0,5th-6th,3,70240,40,0,Married-spouse-absent,Philippines,Other-service,Asian-Pac-Islander,Unmarried,Female,Private
22773,25,0,0,Bachelors,13,137367,44,0,Never-married,Philippines,Sales,Asian-Pac-Islander,Unmarried,Male,Private
22789,50,0,0,5th-6th,3,71898,35,0,Married-civ-spouse,Philippines,Machine-op-inspct,Asian-Pac-Islander,Wife,Female,Private
22834,23,0,0,HS-grad,9,359759,40,0,Never-married,Philippines,Craft-repair,Asian-Pac-Islander,Own-child,Male,Private
22888,36,0,0,Prof-school,15,205555,40,0,Divorced,Philippines,Prof-specialty,Asian-Pac-Islander,Own-child,Female,State-gov
22932,44,0,0,HS-grad,9,19914,50,0,Married-civ-spouse,Philippines,Other-service,Asian-Pac-Islander,Wife,Female,Private
23262,56,0,0,Prof-school,15,216824,40,1,Married-civ-spouse,Philippines,Adm-clerical,Asian-Pac-Islander,Husband,Male,Local-gov
23509,49,0,0,Bachelors,13,190319,40,0,Married-spouse-absent,Philippines,Adm-clerical,Amer-Indian-Eskimo,Not-in-family,Male,Private
23587,29,0,0,Bachelors,13,90934,64,1,Never-married,Philippines,Prof-specialty,Asian-Pac-Islander,Own-child,Male,Private
23688,43,0,0,Bachelors,13,197069,40,1,Married-civ-spouse,Philippines,Prof-specialty,White,Husband,Male,Federal-gov
23728,58,0,0,Bachelors,13,136951,40,0,Married-civ-spouse,Philippines,Adm-clerical,Asian-Pac-Islander,Husband,Male,Private
24033,39,0,0,Bachelors,13,301867,24,0,Divorced,Philippines,Adm-clerical,Asian-Pac-Islander,Not-in-family,Female,Private
24232,70,0,0,Bachelors,13,304570,32,0,Widowed,Philippines,Machine-op-inspct,Asian-Pac-Islander,Other-relative,Male,Private
24363,58,0,0,HS-grad,9,119751,60,0,Married-civ-spouse,Philippines,Priv-house-serv,Asian-Pac-Islander,Other-relative,Female,Private
24429,43,0,0,Bachelors,13,82488,40,1,Married-civ-spouse,Philippines,Sales,Asian-Pac-Islander,Own-child,Female,Self-emp-inc
24468,57,0,0,Bachelors,13,135339,40,1,Married-civ-spouse,Philippines,Exec-managerial,Asian-Pac-Islander,Husband,Male,Private
24549,27,0,0,Assoc-voc,11,90692,40,0,Never-married,Philippines,Other-service,Asian-Pac-Islander,Not-in-family,Female,Private
24650,19,0,0,Some-college,10,150553,18,0,Never-married,Philippines,Sales,Asian-Pac-Islander,Own-child,Female,Private
25001,44,0,0,Some-college,10,361280,80,1,Married-civ-spouse,Philippines,Sales,Asian-Pac-Islander,Husband,Male,Self-emp-not-inc
25221,39,0,0,Assoc-voc,11,341672,40,0,Married-civ-spouse,Philippines,Tech-support,Asian-Pac-Islander,Husband,Male,Private
25274,22,0,0,9th,5,82393,40,0,Never-married,Philippines,Handlers-cleaners,Asian-Pac-Islander,Own-child,Male,Private
25541,39,0,0,Some-college,10,160120,40,0,Never-married,Philippines,Machine-op-inspct,Asian-Pac-Islander,Other-relative,Male,Private
26003,34,0,0,Some-college,10,20057,38,0,Married-spouse-absent,Philippines,Adm-clerical,Asian-Pac-Islander,Unmarried,Female,State-gov
26059,35,0,0,Some-college,10,195946,40,1,Married-civ-spouse,Philippines,None,Asian-Pac-Islander,Husband,Male,None
26154,46,0,0,Prof-school,15,14878,40,1,Married-civ-spouse,Philippines,Prof-specialty,Asian-Pac-Islander,Husband,Male,Local-gov
26173,46,0,0,Bachelors,13,187749,40,1,Married-civ-spouse,Philippines,Prof-specialty,Asian-Pac-Islander,Husband,Male,Local-gov
26258,49,0,0,Bachelors,13,24712,35,0,Never-married,Philippines,Other-service,Asian-Pac-Islander,Not-in-family,Female,Private
26283,50,0,0,Bachelors,13,169646,40,0,Separated,Philippines,Prof-specialty,Asian-Pac-Islander,Unmarried,Female,Private
26364,31,0,0,Assoc-acdm,12,163003,40,0,Never-married,Philippines,Prof-specialty,Asian-Pac-Islander,Other-relative,Female,Private
26454,27,0,0,Bachelors,13,230959,40,0,Never-married,Philippines,Tech-support,Asian-Pac-Islander,Own-child,Female,Private
26784,35,0,0,Bachelors,13,193961,40,1,Married-civ-spouse,Philippines,Prof-specialty,Asian-Pac-Islander,Husband,Male,Private
27060,62,0,0,5th-6th,3,77884,40,0,Married-civ-spouse,Philippines,Farming-fishing,Asian-Pac-Islander,Husband,Male,Private
27665,39,0,0,5th-6th,3,86143,40,0,Married-civ-spouse,Philippines,Other-service,Asian-Pac-Islander,Husband,Male,Private
27794,32,0,0,Bachelors,13,74883,40,0,Never-married,Philippines,Tech-support,Asian-Pac-Islander,Not-in-family,Female,Private
28167,48,0,0,Bachelors,13,307440,45,1,Married-civ-spouse,Philippines,Tech-support,Asian-Pac-Islander,Husband,Male,Private
28317,63,0,0,Bachelors,13,76860,40,1,Married-civ-spouse,Philippines,Protective-serv,Asian-Pac-Islander,Husband,Male,Private
28842,23,0,0,Some-college,10,140915,25,0,Never-married,Philippines,Sales,Asian-Pac-Islander,Other-relative,Male,Private
28873,42,0,0,Bachelors,13,306982,40,1,Married-civ-spouse,Philippines,Adm-clerical,Asian-Pac-Islander,Husband,Male,Private
28883,18,0,0,7th-8th,4,20057,40,0,Never-married,Philippines,Other-service,Asian-Pac-Islander,Other-relative,Female,Private
29073,67,0,0,HS-grad,9,137192,12,0,Married-civ-spouse,Philippines,Adm-clerical,Asian-Pac-Islander,Husband,Male,Without-pay
29234,18,0,0,11th,7,101709,15,0,Never-married,Philippines,Other-service,Asian-Pac-Islander,Own-child,Male,Federal-gov
29395,37,0,0,Some-college,10,188069,40,1,Married-civ-spouse,Philippines,Adm-clerical,White,Husband,Male,Federal-gov
29419,34,0,0,Some-college,10,293703,40,0,Married-civ-spouse,Philippines,Craft-repair,Asian-Pac-Islander,Husband,Male,Private
29720,33,0,0,Some-college,10,554206,40,0,Never-married,Philippines,Tech-support,Black,Not-in-family,Male,Private
29787,48,0,0,Assoc-voc,11,119471,56,1,Married-civ-spouse,Philippines,Other-service,Asian-Pac-Islander,Husband,Male,Private
30026,24,0,0,Bachelors,13,154422,40,0,Never-married,Philippines,Exec-managerial,Asian-Pac-Islander,Own-child,Female,Private
30171,32,0,0,Some-college,10,193260,40,0,Married-civ-spouse,Philippines,Machine-op-inspct,Asian-Pac-Islander,Husband,Male,Private
30579,34,0,0,HS-grad,9,340880,60,1,Married-civ-spouse,Philippines,Prof-specialty,White,Husband,Male,Private
30681,30,0,0,Bachelors,13,165235,40,1,Married-civ-spouse,Philippines,Adm-clerical,Asian-Pac-Islander,Wife,Female,Private
30862,39,0,0,Bachelors,13,271521,48,1,Married-civ-spouse,Philippines,Prof-specialty,Asian-Pac-Islander,Husband,Male,Private
30878,26,0,0,HS-grad,9,133756,40,0,Divorced,Philippines,Farming-fishing,Asian-Pac-Islander,Not-in-family,Male,Private
30950,40,0,0,Prof-school,15,110622,40,0,Married-civ-spouse,Philippines,Adm-clerical,Asian-Pac-Islander,Other-relative,Female,Private
30984,41,0,0,Prof-school,15,126850,40,0,Married-civ-spouse,Philippines,Adm-clerical,Asian-Pac-Islander,Husband,Male,Private
31047,39,0,0,Bachelors,13,139012,40,1,Married-civ-spouse,Philippines,Adm-clerical,Asian-Pac-Islander,Husband,Male,Private
31060,48,0,0,Bachelors,13,238360,40,0,Separated,Philippines,Adm-clerical,Asian-Pac-Islander,Unmarried,Female,Private
31142,39,0,0,Masters,14,72338,40,1,Married-civ-spouse,Philippines,Prof-specialty,Asian-Pac-Islander,Husband,Male,Private
31175,29,0,0,HS-grad,9,82393,25,0,Married-civ-spouse,Philippines,Other-service,Asian-Pac-Islander,Own-child,Male,Private
31294,37,0,0,HS-grad,9,213726,40,0,Divorced,Philippines,Machine-op-inspct,Asian-Pac-Islander,Not-in-family,Female,Private
31309,41,0,0,Some-college,10,291965,40,0,Never-married,Philippines,Tech-support,Asian-Pac-Islander,Unmarried,Female,Private
31546,26,0,0,Some-college,10,375313,40,0,Never-married,Philippines,None,Asian-Pac-Islander,Own-child,Male,None
31666,27,0,0,Some-college,10,100669,40,1,Married-civ-spouse,Philippines,Craft-repair,Asian-Pac-Islander,Husband,Male,Private
31864,39,0,0,Bachelors,13,110622,40,0,Married-civ-spouse,Philippines,Adm-clerical,Asian-Pac-Islander,Wife,Female,Federal-gov
31984,34,0,2339,Bachelors,13,25322,40,0,Married-spouse-absent,Philippines,Machine-op-inspct,Asian-Pac-Islander,Not-in-family,Male,Private
31986,43,0,2129,5th-6th,3,143582,72,0,Married-civ-spouse,Philippines,Machine-op-inspct,Asian-Pac-Islander,Wife,Female,Private
31998,35,0,1887,Bachelors,13,200117,50,1,Married-civ-spouse,Philippines,Exec-managerial,Asian-Pac-Islander,Husband,Male,Private
32007,30,0,1573,HS-grad,9,117747,35,0,Married-civ-spouse,Philippines,Sales,Asian-Pac-Islander,Wife,Female,Private
32011,31,0,1485,Some-college,10,251659,55,1,Married-civ-spouse,Philippines,Other-service,Asian-Pac-Islander,Husband,Male,Private
32025,43,15024,0,Bachelors,13,506329,40,1,Married-civ-spouse,Philippines,Prof-specialty,Asian-Pac-Islander,Husband,Male,State-gov
32036,39,7688,0,Bachelors,13,116358,40,1,Married-civ-spouse,Philippines,Sales,Asian-Pac-Islander,Husband,Male,Self-emp-inc
32038,54,7688,0,Bachelors,13,304570,40,1,Married-civ-spouse,Philippines,Machine-op-inspct,Asian-Pac-Islander,Husband,Male,Self-emp-inc
32056,39,3137,0,Bachelors,13,258276,40,0,Married-civ-spouse,Philippines,Tech-support,Asian-Pac-Islander,Husband,Male,Private
32068,40,0,0,Assoc-voc,11,121772,40,1,Married-civ-spouse,Philippines,Craft-repair,Asian-Pac-Islander,Husband,Male,Private
32084,26,0,0,Bachelors,13,227332,40,0,Never-married,Philippines,Transport-moving,Asian-Pac-Islander,Unmarried,Male,Private
32088,36,0,0,Bachelors,13,153078,60,1,Married-civ-spouse,Philippines,Exec-managerial,Asian-Pac-Islander,Husband,Male,Private
32090,31,0,0,Bachelors,13,169104,40,0,Never-married,Philippines,Sales,Asian-Pac-Islander,Own-child,Male,Private
32098,35,0,0,Some-college,10,163392,40,0,Married-civ-spouse,Philippines,Transport-moving,Asian-Pac-Islander,Husband,Male,Private
32101,47,0,0,Bachelors,13,277545,40,1,Married-civ-spouse,Philippines,Adm-clerical,Asian-Pac-Islander,Husband,Male,Private
32105,36,0,0,Bachelors,13,153205,45,0,Married-civ-spouse,Philippines,Prof-specialty,Asian-Pac-Islander,Husband,Male,Private
32111,35,0,0,HS-grad,9,173858,40,0,Married-spouse-absent,Philippines,Craft-repair,Asian-Pac-Islander,Not-in-family,Male,Private
32126,45,0,0,12th,8,304570,40,0,Married-civ-spouse,Philippines,Machine-op-inspct,Asian-Pac-Islander,Husband,Male,Private
32130,35,0,0,Bachelors,13,124483,50,1,Never-married,Philippines,Sales,Asian-Pac-Islander,Not-in-family,Male,Private
32145,37,0,0,HS-grad,9,163392,40,0,Never-married,Philippines,Transport-moving,Asian-Pac-Islander,Other-relative,Male,Private
32176,32,0,0,HS-grad,9,245482,40,0,Married-civ-spouse,Philippines,Machine-op-inspct,Asian-Pac-Islander,Husband,Male,Private
32197,37,0,0,12th,8,130620,33,0,Married-civ-spouse,Philippines,Sales,Asian-Pac-Islander,Wife,Female,Private
32206,26,0,0,HS-grad,9,149943,60,0,Never-married,Philippines,Other-service,Asian-Pac-Islander,Other-relative,Male,Private
32223,39,0,0,HS-grad,9,137522,40,1,Married-civ-spouse,Philippines,Machine-op-inspct,Asian-Pac-Islander,Husband,Male,Private
32228,45,0,0,Bachelors,13,185497,70,0,Married-civ-spouse,Philippines,Exec-managerial,Asian-Pac-Islander,Wife,Female,Self-emp-inc
32250,34,0,0,Bachelors,13,303187,40,1,Married-civ-spouse,Philippines,Prof-specialty,Asian-Pac-Islander,Husband,Male,Private
32258,26,0,0,HS-grad,9,153078,80,1,Never-married,Philippines,Adm-clerical,Asian-Pac-Islander,Own-child,Male,Private
32259,37,0,0,HS-grad,9,122265,42,0,Divorced,Philippines,None,Asian-Pac-Islander,Not-in-family,Female,None
32268,37,0,0,5th-6th,3,82283,40,0,Married-civ-spouse,Philippines,Other-service,Asian-Pac-Islander,Husband,Male,Private
32274,45,0,0,Bachelors,13,480717,38,0,Married-civ-spouse,Philippines,Other-service,Asian-Pac-Islander,Husband,Male,Private
32279,44,0,0,HS-grad,9,159297,40,1,Married-civ-spouse,Philippines,Exec-managerial,Asian-Pac-Islander,Wife,Female,Private
32287,35,0,0,5th-6th,3,187415,50,0,Married-civ-spouse,Philippines,Machine-op-inspct,Asian-Pac-Islander,Husband,Male,Private
32294,42,0,0,7th-8th,4,143582,48,0,Married-civ-spouse,Philippines,Other-service,Asian-Pac-Islander,Other-relative,Female,Private
32337,32,0,0,Some-college,10,154571,40,0,Never-married,Philippines,Other-service,Asian-Pac-Islander,Other-relative,Male,Private
32341,44,0,0,Bachelors,13,116358,50,1,Married-civ-spouse,Philippines,Sales,Asian-Pac-Islander,Husband,Male,Self-emp-inc
32374,37,0,0,HS-grad,9,245482,40,0,Married-civ-spouse,Philippines,Transport-moving,Asian-Pac-Islander,Husband,Male,Private
32403,33,0,0,HS-grad,9,112847,40,0,Married-civ-spouse,Philippines,Transport-moving,Asian-Pac-Islander,Husband,Male,Private
32443,37,0,0,Some-college,10,154571,40,0,Married-civ-spouse,Philippines,Craft-repair,Asian-Pac-Islander,Husband,Male,Private
32457,36,0,0,HS-grad,9,156780,40,0,Never-married,Philippines,Sales,Asian-Pac-Islander,Other-relative,Female,Private
32474,39,0,0,HS-grad,9,163392,26,0,Married-civ-spouse,Philippines,Sales,Asian-Pac-Islander,Husband,Male,Private
32489,28,0,0,Some-college,10,226891,30,0,Never-married,Philippines,Adm-clerical,Asian-Pac-Islander,Unmarried,Female,Private
32490,35,0,0,Bachelors,13,198341,40,0,Married-civ-spouse,Philippines,Exec-managerial,Asian-Pac-Islander,Husband,Male,Private
32501,46,0,0,Some-college,10,149161,60,0,Married-civ-spouse,Philippines,Exec-managerial,Asian-Pac-Islander,Husband,Male,Private
32513,42,0,0,HS-grad,9,314649,40,0,Married-spouse-absent,Philippines,Handlers-cleaners,Asian-Pac-Islander,Other-relative,Male,Private
32520,26,0,0,Assoc-acdm,12,130620,40,0,Married-spouse-absent,Philippines,Craft-repair,Asian-Pac-Islander,Other-relative,Female,Private
32521,41,0,0,Bachelors,13,169104,40,1,Married-civ-spouse,Philippines,Craft-repair,Asian-Pac-Islander,Husband,Male,Private
32550,36,0,0,12th,8,137421,45,0,Never-married,Philippines,Transport-moving,Asian-Pac-Islander,Not-in-family,Male,Private
158,30,0,2258,Some-college,10,257295,40,0,Never-married,South,Sales,Asian-Pac-Islander,Other-relative,Male,Self-emp-not-inc
229,60,0,2163,Bachelors,13,141221,25,0,Married-civ-spouse,South,None,Asian-Pac-Islander,Husband,Male,None
434,49,0,1977,Bachelors,13,137192,50,1,Married-civ-spouse,South,Sales,Asian-Pac-Islander,Husband,Male,Private
602,42,0,1902,Masters,14,108183,40,1,Married-civ-spouse,South,Prof-specialty,Asian-Pac-Islander,Husband,Male,Federal-gov
620,30,0,1902,Some-college,10,173858,40,1,Married-civ-spouse,South,Exec-managerial,Asian-Pac-Islander,Husband,Male,Self-emp-inc
973,20,0,1762,11th,7,114746,40,0,Married-spouse-absent,South,None,Asian-Pac-Islander,Own-child,Female,None
1280,35,0,1590,Bachelors,13,140915,40,0,Never-married,South,Sales,Asian-Pac-Islander,Own-child,Male,Private
1538,24,99999,0,Some-college,10,151153,50,1,Never-married,South,None,Asian-Pac-Islander,Not-in-family,Male,None
1850,54,15024,0,Bachelors,13,135803,60,1,Married-civ-spouse,South,Exec-managerial,Asian-Pac-Islander,Husband,Male,Private
1907,34,15024,0,Bachelors,13,198664,70,1,Married-civ-spouse,South,Craft-repair,Asian-Pac-Islander,Husband,Male,Self-emp-not-inc
1919,42,15024,0,Prof-school,15,119359,40,1,Married-civ-spouse,South,Sales,Amer-Indian-Eskimo,Wife,Female,Private
3188,57,4508,0,Bachelors,13,182677,40,0,Married-civ-spouse,South,Exec-managerial,Asian-Pac-Islander,Husband,Male,Private
4163,54,0,0,Some-college,10,180211,60,1,Married-civ-spouse,South,None,Asian-Pac-Islander,Husband,Male,None
4923,43,0,0,Masters,14,158926,50,0,Married-civ-spouse,South,Prof-specialty,Asian-Pac-Islander,Wife,Female,Private
5810,45,0,0,HS-grad,9,133969,50,1,Married-civ-spouse,South,Sales,Asian-Pac-Islander,Husband,Male,Self-emp-not-inc
6018,34,0,0,Bachelors,13,306982,60,0,Married-civ-spouse,South,Sales,Asian-Pac-Islander,Husband,Male,Self-emp-not-inc
6856,23,0,0,HS-grad,9,128604,48,0,Never-married,South,Sales,Asian-Pac-Islander,Own-child,Male,Private
7599,36,0,0,HS-grad,9,288585,20,0,Married-civ-spouse,South,Other-service,Asian-Pac-Islander,Wife,Female,Self-emp-not-inc
7856,33,0,0,HS-grad,9,256211,40,0,Married-civ-spouse,South,Machine-op-inspct,Asian-Pac-Islander,Husband,Male,Private
7888,19,0,0,HS-grad,9,20469,12,0,Never-married,South,None,Asian-Pac-Islander,Other-relative,Female,None
8674,58,0,0,Bachelors,13,137547,40,0,Married-civ-spouse,South,Other-service,Asian-Pac-Islander,Husband,Male,Private
8755,32,0,0,Bachelors,13,153078,40,0,Never-married,South,Other-service,Asian-Pac-Islander,Not-in-family,Male,Private
9389,31,0,0,Some-college,10,83748,70,0,Married-civ-spouse,South,Exec-managerial,Asian-Pac-Islander,Wife,Female,Self-emp-inc
9680,50,0,0,HS-grad,9,324506,48,0,Widowed,South,Exec-managerial,Asian-Pac-Islander,Unmarried,Female,Self-emp-not-inc
9744,28,0,0,Some-college,10,123983,63,0,Married-civ-spouse,South,Sales,Asian-Pac-Islander,Own-child,Male,Self-emp-not-inc
10049,48,0,0,HS-grad,9,118831,40,0,Divorced,South,Handlers-cleaners,Asian-Pac-Islander,Unmarried,Female,Private
10163,20,0,0,Some-college,10,112137,20,0,Never-married,South,Prof-specialty,Asian-Pac-Islander,Other-relative,Female,Self-emp-not-inc
10165,45,0,0,HS-grad,9,281565,50,0,Widowed,South,Other-service,Asian-Pac-Islander,Other-relative,Female,Private
10546,29,0,0,Some-college,10,337505,40,0,Married-civ-spouse,South,Craft-repair,Asian-Pac-Islander,Husband,Male,Self-emp-not-inc
10804,47,0,0,Bachelors,13,243631,40,0,Married-civ-spouse,South,Prof-specialty,Asian-Pac-Islander,Husband,Male,Self-emp-not-inc
11032,61,0,0,HS-grad,9,133969,63,0,Married-civ-spouse,South,Sales,Asian-Pac-Islander,Husband,Male,Self-emp-not-inc
11737,63,0,0,Bachelors,13,137192,40,0,Married-civ-spouse,South,Craft-repair,Asian-Pac-Islander,Husband,Male,Private
12099,37,0,0,Masters,14,160120,40,0,Never-married,South,Prof-specialty,Asian-Pac-Islander,Unmarried,Male,Private
12309,40,0,0,HS-grad,9,162312,66,0,Married-civ-spouse,South,Craft-repair,Asian-Pac-Islander,Husband,Male,Self-emp-not-inc
12466,78,0,0,Masters,14,180239,40,0,Widowed,South,Craft-repair,Asian-Pac-Islander,Unmarried,Male,Private
12614,24,0,0,Assoc-voc,11,154571,50,0,Never-married,South,Sales,Asian-Pac-Islander,Unmarried,Male,Private
12903,33,0,0,Some-college,10,96635,26,0,Never-married,South,Sales,Asian-Pac-Islander,Not-in-family,Male,Private
13027,26,0,0,Bachelors,13,102420,40,0,Never-married,South,Sales,Asian-Pac-Islander,Not-in-family,Female,Private
13363,43,0,0,Bachelors,13,89636,60,0,Married-civ-spouse,South,Sales,Asian-Pac-Islander,Wife,Female,Self-emp-not-inc
14131,22,0,0,Bachelors,13,375422,40,0,Never-married,South,Adm-clerical,White,Own-child,Male,Self-emp-inc
14622,57,0,0,HS-grad,9,41762,40,1,Married-civ-spouse,South,Craft-repair,Asian-Pac-Islander,Husband,Male,Private
14785,90,0,0,Some-college,10,225063,10,0,Never-married,South,None,Asian-Pac-Islander,Own-child,Male,None
14925,51,0,0,Doctorate,16,160724,99,0,Married-civ-spouse,South,Prof-specialty,Asian-Pac-Islander,Husband,Male,Private
15057,50,0,0,HS-grad,9,172052,35,1,Married-civ-spouse,South,Prof-specialty,Asian-Pac-Islander,Husband,Male,Private
15722,49,0,0,HS-grad,9,135643,40,0,Widowed,South,Craft-repair,Asian-Pac-Islander,Unmarried,Female,Private
15757,29,0,0,Some-college,10,162312,45,0,Never-married,South,Exec-managerial,Asian-Pac-Islander,Own-child,Male,Self-emp-not-inc
16055,23,0,0,HS-grad,9,226891,20,0,Never-married,South,None,Asian-Pac-Islander,Other-relative,Female,None
16457,37,0,0,HS-grad,9,352882,70,1,Divorced,South,Exec-managerial,Asian-Pac-Islander,Not-in-family,Female,Self-emp-not-inc
16607,26,0,0,Bachelors,13,272669,20,0,Never-married,South,Sales,Asian-Pac-Islander,Not-in-family,Male,Private
17010,46,0,0,Bachelors,13,275625,60,1,Divorced,South,Other-service,Asian-Pac-Islander,Unmarried,Female,Self-emp-not-inc
19534,53,0,0,Bachelors,13,135643,50,0,Married-civ-spouse,South,Adm-clerical,Asian-Pac-Islander,Wife,Female,Self-emp-inc
19758,22,0,0,Some-college,10,31102,4,0,Never-married,South,None,Asian-Pac-Islander,Own-child,Female,None
19935,50,0,0,Bachelors,13,120781,60,1,Married-civ-spouse,South,Sales,Asian-Pac-Islander,Husband,Male,Self-emp-inc
19985,30,0,0,HS-grad,9,243841,40,0,Divorced,South,Other-service,Asian-Pac-Islander,Other-relative,Female,Private
20425,26,0,0,Bachelors,13,285004,35,0,Never-married,South,Exec-managerial,Asian-Pac-Islander,Not-in-family,Male,Private
20990,43,0,0,HS-grad,9,96483,40,0,Divorced,South,Other-service,Asian-Pac-Islander,Own-child,Female,Private
21404,63,0,0,7th-8th,4,84737,40,0,Married-civ-spouse,South,Other-service,Asian-Pac-Islander,Husband,Male,Private
22994,23,0,0,Assoc-voc,11,139012,40,0,Never-married,South,Transport-moving,Asian-Pac-Islander,Own-child,Male,Private
23149,44,0,0,Bachelors,13,182771,48,1,Married-civ-spouse,South,Exec-managerial,Asian-Pac-Islander,Husband,Male,Self-emp-not-inc
23257,27,0,0,Bachelors,13,52028,40,0,Married-civ-spouse,South,Exec-managerial,Asian-Pac-Islander,Wife,Female,Private
23359,45,0,0,11th,7,88061,40,0,Married-spouse-absent,South,Machine-op-inspct,Asian-Pac-Islander,Unmarried,Female,Private
23661,21,0,0,Some-college,10,112137,20,0,Never-married,South,Prof-specialty,Asian-Pac-Islander,Other-relative,Female,Private
23748,19,0,0,11th,7,126501,15,0,Never-married,South,Adm-clerical,Amer-Indian-Eskimo,Own-child,Female,Private
23859,36,0,0,Bachelors,13,152744,40,0,Divorced,South,Sales,Asian-Pac-Islander,Other-relative,Female,Private
24523,48,0,0,HS-grad,9,243631,30,0,Married-civ-spouse,South,Exec-managerial,Asian-Pac-Islander,Husband,Male,Self-emp-not-inc
25732,19,0,0,Some-college,10,148955,35,0,Never-married,South,Other-service,Asian-Pac-Islander,Own-child,Female,Self-emp-inc
25999,24,0,0,HS-grad,9,162312,40,0,Never-married,South,Sales,Asian-Pac-Islander,Own-child,Male,Private
26215,31,0,0,Some-college,10,123983,40,0,Separated,South,Sales,Asian-Pac-Islander,Unmarried,Male,Private
26511,27,0,0,Some-college,10,32519,55,0,Married-civ-spouse,South,Sales,Asian-Pac-Islander,Husband,Male,Private
26799,31,0,0,Masters,14,309620,6,0,Married-civ-spouse,South,Prof-specialty,Asian-Pac-Islander,Husband,Male,Private
27265,22,0,0,Some-college,10,112137,20,0,Never-married,South,Prof-specialty,Asian-Pac-Islander,Other-relative,Female,Private
27514,36,0,0,HS-grad,9,80743,40,0,Married-civ-spouse,South,Other-service,Asian-Pac-Islander,Wife,Female,Private
27919,32,0,0,HS-grad,9,114746,60,0,Separated,South,Handlers-cleaners,Asian-Pac-Islander,Unmarried,Female,Private
27979,62,0,0,Masters,14,137354,40,0,Married-civ-spouse,South,Prof-specialty,Asian-Pac-Islander,Husband,Male,Self-emp-inc
29187,22,0,0,Assoc-voc,11,171419,40,0,Never-married,South,Exec-managerial,Asian-Pac-Islander,Unmarried,Male,Private
29361,36,0,0,HS-grad,9,162312,70,0,Never-married,South,Craft-repair,Asian-Pac-Islander,Not-in-family,Male,Private
30079,39,0,0,Bachelors,13,191342,50,0,Married-civ-spouse,South,Exec-managerial,Asian-Pac-Islander,Husband,Male,Self-emp-not-inc
30239,50,0,0,HS-grad,9,131982,60,0,Married-civ-spouse,South,Other-service,Asian-Pac-Islander,Husband,Male,Self-emp-not-inc
30887,60,0,0,Masters,14,85995,50,1,Married-civ-spouse,South,Adm-clerical,Asian-Pac-Islander,Husband,Male,Private
31276,22,0,0,Some-college,10,148955,15,0,Never-married,South,None,Asian-Pac-Islander,Own-child,Female,None
32219,52,0,0,Some-college,10,135339,40,1,Married-civ-spouse,South,Craft-repair,Asian-Pac-Islander,Husband,Male,Self-emp-not-inc
32225,54,0,0,HS-grad,9,121761,50,0,Married-civ-spouse,South,Exec-managerial,Asian-Pac-Islander,Husband,Male,Self-emp-not-inc
32347,50,0,0,Some-college,10,221336,40,0,Divorced,South,Exec-managerial,Asian-Pac-Islander,Unmarried,Female,Self-emp-not-inc
32398,24,0,0,Some-college,10,27939,24,0,Married-civ-spouse,South,Other-service,Asian-Pac-Islander,Husband,Male,State-gov
32412,31,0,0,12th,8,162551,50,0,Married-civ-spouse,South,Sales,Asian-Pac-Islander,Wife,Female,Self-emp-not-inc
32506,45,0,0,Some-college,10,138962,72,0,Married-civ-spouse,South,Exec-managerial,Asian-Pac-Islander,Husband,Male,Self-emp-not-inc
275,32,0,2002,Bachelors,13,148138,40,0,Married-civ-spouse,Iran,Prof-specialty,Asian-Pac-Islander,Husband,Male,Federal-gov
861,35,0,1887,HS-grad,9,267866,50,1,Married-civ-spouse,Iran,Sales,Asian-Pac-Islander,Husband,Male,Private
1311,40,0,1564,Some-college,10,266324,70,1,Divorced,Iran,Exec-managerial,White,Other-relative,Male,Self-emp-not-inc
1659,37,27828,0,Masters,14,109133,60,1,Separated,Iran,Exec-managerial,White,Not-in-family,Male,Private
1775,51,15024,0,Doctorate,16,293196,60,1,Married-civ-spouse,Iran,Prof-specialty,White,Husband,Male,Private
1808,40,15024,0,Masters,14,157240,30,1,Married-civ-spouse,Iran,Exec-managerial,White,Wife,Female,Self-emp-inc
1845,63,15024,0,Bachelors,13,213945,40,1,Married-civ-spouse,Iran,Sales,White,Husband,Male,Private
2076,45,15020,0,Doctorate,16,214627,40,1,Widowed,Iran,Prof-specialty,White,Unmarried,Male,Private
4253,38,0,0,Masters,14,125933,40,1,Married-civ-spouse,Iran,Prof-specialty,White,Husband,Male,Federal-gov
4341,41,0,0,Bachelors,13,180138,50,1,Married-civ-spouse,Iran,Exec-managerial,White,Husband,Male,Private
4432,56,0,0,Assoc-acdm,12,101128,25,0,Married-spouse-absent,Iran,Other-service,White,Not-in-family,Male,Private
5040,38,0,0,Some-college,10,193026,40,0,Divorced,Iran,Craft-repair,White,Not-in-family,Male,Private
6388,34,0,0,Bachelors,13,213226,40,1,Married-civ-spouse,Iran,Prof-specialty,White,Husband,Male,Private
7665,36,0,0,Bachelors,13,95654,50,1,Married-civ-spouse,Iran,Prof-specialty,White,Wife,Female,Private
7858,22,0,0,Some-college,10,211968,40,0,Never-married,Iran,None,White,Own-child,Female,None
7910,52,0,0,Doctorate,16,149650,40,1,Married-civ-spouse,Iran,Prof-specialty,White,Husband,Male,State-gov
8558,30,0,0,Bachelors,13,158420,50,0,Never-married,Iran,Prof-specialty,White,Not-in-family,Male,Private
9418,29,0,0,Some-college,10,183523,40,0,Never-married,Iran,Exec-managerial,White,Not-in-family,Male,Local-gov
9710,36,0,0,Assoc-acdm,12,82743,55,0,Never-married,Iran,Transport-moving,White,Not-in-family,Male,Private
9771,41,0,0,HS-grad,9,406603,6,0,Never-married,Iran,Other-service,White,Not-in-family,Male,Private
9895,34,0,0,Bachelors,13,454508,65,0,Married-civ-spouse,Iran,Prof-specialty,White,Husband,Male,Private
10002,22,0,0,Some-college,10,190483,48,0,Divorced,Iran,Sales,White,Own-child,Female,Private
10463,30,0,0,Assoc-acdm,12,176185,60,0,Married-civ-spouse,Iran,Sales,White,Husband,Male,Self-emp-not-inc
12544,33,0,0,Bachelors,13,181091,60,1,Married-civ-spouse,Iran,Adm-clerical,White,Husband,Male,Private
12808,47,0,0,HS-grad,9,182752,35,0,Married-civ-spouse,Iran,Adm-clerical,White,Wife,Female,Self-emp-not-inc
16080,35,0,0,HS-grad,9,202950,55,1,Married-civ-spouse,Iran,Exec-managerial,White,Husband,Male,Private
16239,57,0,0,Assoc-acdm,12,138285,40,0,Married-civ-spouse,Iran,Other-service,White,Husband,Male,Self-emp-not-inc
16717,44,0,0,Masters,14,182629,24,0,Divorced,Iran,Sales,White,Not-in-family,Male,Private
17726,37,0,0,Bachelors,13,79586,40,0,Married-civ-spouse,Iran,Exec-managerial,Asian-Pac-Islander,Husband,Male,Private
17904,43,0,0,Some-college,10,186188,45,0,Divorced,Iran,Exec-managerial,White,Unmarried,Female,Private
19417,36,0,0,Bachelors,13,202950,50,0,Married-civ-spouse,Iran,Exec-managerial,White,Husband,Male,Self-emp-not-inc
20479,62,0,0,Doctorate,16,167889,40,0,Widowed,Iran,Prof-specialty,White,Unmarried,Female,Local-gov
20675,39,0,0,Bachelors,13,315640,60,0,Never-married,Iran,Sales,Asian-Pac-Islander,Own-child,Male,Self-emp-not-inc
22004,24,0,0,Some-college,10,122166,40,0,Never-married,Iran,Adm-clerical,White,Own-child,Female,Private
22481,32,0,0,Bachelors,13,180303,47,0,Divorced,Iran,Craft-repair,Asian-Pac-Islander,Unmarried,Male,Self-emp-not-inc
24114,23,0,0,Some-college,10,216181,36,0,Never-married,Iran,Sales,White,Own-child,Male,Private
25681,47,0,0,Some-college,10,190072,40,1,Married-civ-spouse,Iran,Craft-repair,White,Husband,Male,Self-emp-not-inc
26068,36,0,0,Masters,14,52327,40,1,Married-civ-spouse,Iran,Prof-specialty,Other,Husband,Male,Private
26335,38,0,0,Bachelors,13,136629,40,0,Married-civ-spouse,Iran,Machine-op-inspct,White,Husband,Male,Private
26846,32,0,0,Bachelors,13,124919,50,1,Married-civ-spouse,Iran,Other-service,Asian-Pac-Islander,Husband,Male,Self-emp-inc
26867,47,0,0,Doctorate,16,192793,40,1,Married-civ-spouse,Iran,Prof-specialty,White,Husband,Male,Private
31138,59,0,0,Masters,14,59469,40,0,Married-civ-spouse,Iran,Tech-support,White,Husband,Male,Private
31483,42,0,0,Bachelors,13,126614,30,0,Divorced,Iran,Exec-managerial,Other,Not-in-family,Male,Self-emp-not-inc
474,36,0,1977,Masters,14,145576,40,1,Married-civ-spouse,Japan,Adm-clerical,White,Husband,Male,Private
1272,45,0,1590,HS-grad,9,293691,40,0,Divorced,Japan,Adm-clerical,Asian-Pac-Islander,Not-in-family,Female,Private
1484,52,99999,0,HS-grad,9,152234,40,1,Married-civ-spouse,Japan,Exec-managerial,Asian-Pac-Islander,Husband,Male,Private
1882,39,15024,0,Bachelors,13,343476,50,1,Married-civ-spouse,Japan,Prof-specialty,White,Husband,Male,Self-emp-not-inc
1937,44,15024,0,Doctorate,16,148138,40,1,Married-civ-spouse,Japan,Exec-managerial,Asian-Pac-Islander,Husband,Male,Private
2483,50,7688,0,Bachelors,13,302708,50,1,Married-civ-spouse,Japan,Exec-managerial,Asian-Pac-Islander,Husband,Male,Self-emp-inc
2492,40,7688,0,Bachelors,13,177027,52,1,Married-civ-spouse,Japan,Other-service,Asian-Pac-Islander,Wife,Female,Private
3137,35,4787,0,Prof-school,15,98080,45,1,Never-married,Japan,None,Asian-Pac-Islander,Not-in-family,Male,None
3730,47,2885,0,Bachelors,13,133969,65,0,Married-civ-spouse,Japan,Exec-managerial,Asian-Pac-Islander,Husband,Male,Private
3800,32,2597,0,Some-college,10,79870,40,0,Married-civ-spouse,Japan,Exec-managerial,White,Own-child,Female,Private
3947,41,2174,0,HS-grad,9,204682,40,0,Divorced,Japan,Craft-repair,White,Unmarried,Male,Private
5013,41,0,0,Some-college,10,198316,50,0,Never-married,Japan,Craft-repair,White,Not-in-family,Male,Private
5094,53,0,0,Bachelors,13,288020,40,0,Married-civ-spouse,Japan,Prof-specialty,Asian-Pac-Islander,Husband,Male,Private
5250,29,0,0,HS-grad,9,419721,40,0,Never-married,Japan,Other-service,Black,Unmarried,Female,Private
5628,47,0,0,Bachelors,13,162924,60,0,Divorced,Japan,Exec-managerial,Asian-Pac-Islander,Not-in-family,Male,Self-emp-not-inc
5919,26,0,0,Bachelors,13,125680,16,0,Never-married,Japan,Prof-specialty,Asian-Pac-Islander,Not-in-family,Male,Private
6542,29,0,0,Bachelors,13,161478,40,0,Never-married,Japan,Adm-clerical,Asian-Pac-Islander,Not-in-family,Female,Private
6684,35,0,0,Bachelors,13,361888,60,0,Married-civ-spouse,Japan,Sales,White,Husband,Male,Self-emp-not-inc
6743,41,0,0,HS-grad,9,79797,40,1,Married-spouse-absent,Japan,Prof-specialty,Asian-Pac-Islander,Not-in-family,Male,Private
8396,33,0,0,Masters,14,79440,30,0,Never-married,Japan,Prof-specialty,Asian-Pac-Islander,Not-in-family,Male,State-gov
8812,27,0,0,HS-grad,9,208703,40,0,Never-married,Japan,Protective-serv,White,Own-child,Male,Private
9240,38,0,0,Bachelors,13,180303,50,1,Married-civ-spouse,Japan,Exec-managerial,Asian-Pac-Islander,Husband,Male,Private
9289,43,0,0,HS-grad,9,124919,60,0,Married-civ-spouse,Japan,Other-service,Asian-Pac-Islander,Husband,Male,Private
10326,37,0,0,Some-college,10,40955,40,0,Never-married,Japan,Other-service,White,Own-child,Male,Federal-gov
10797,37,0,0,Assoc-voc,11,213008,40,0,Married-civ-spouse,Japan,Prof-specialty,White,Husband,Male,Private
11108,48,0,0,Bachelors,13,240231,40,1,Married-civ-spouse,Japan,Exec-managerial,Asian-Pac-Islander,Husband,Male,Private
11177,47,0,0,Masters,14,586657,40,1,Married-civ-spouse,Japan,Exec-managerial,White,Husband,Male,Private
11842,37,0,0,Some-college,10,60722,40,1,Divorced,Japan,Exec-managerial,Asian-Pac-Islander,Not-in-family,Female,Private
12050,27,0,0,HS-grad,9,29807,40,0,Separated,Japan,Handlers-cleaners,White,Unmarried,Female,Private
12220,19,0,0,Some-college,10,57329,30,0,Never-married,Japan,None,White,Own-child,Female,None
14194,46,0,0,Masters,14,123053,50,1,Married-civ-spouse,Japan,Exec-managerial,Asian-Pac-Islander,Husband,Male,Private
14675,30,0,0,Bachelors,13,356689,30,0,Married-civ-spouse,Japan,Adm-clerical,White,Husband,Male,Federal-gov
15117,29,0,0,Some-college,10,150861,40,0,Never-married,Japan,Adm-clerical,White,Not-in-family,Female,Private
15446,53,0,0,Bachelors,13,83434,21,1,Never-married,Japan,Other-service,Asian-Pac-Islander,Not-in-family,Female,Private
15459,33,0,0,HS-grad,9,162312,45,0,Divorced,Japan,Sales,Asian-Pac-Islander,Not-in-family,Male,Private
16046,34,0,0,HS-grad,9,149943,40,0,Never-married,Japan,Other-service,Asian-Pac-Islander,Not-in-family,Male,Private
17128,44,0,0,HS-grad,9,156687,42,0,Married-civ-spouse,Japan,Farming-fishing,Asian-Pac-Islander,Husband,Male,Self-emp-not-inc
17995,19,0,0,Some-college,10,536725,15,0,Never-married,Japan,Adm-clerical,White,Other-relative,Female,State-gov
18161,25,0,0,HS-grad,9,50053,40,0,Never-married,Japan,Other-service,Black,Not-in-family,Male,Private
18457,45,0,0,Bachelors,13,77085,40,1,Married-civ-spouse,Japan,Craft-repair,Asian-Pac-Islander,Husband,Male,Private
18801,29,0,0,Masters,14,205249,40,0,Married-civ-spouse,Japan,Exec-managerial,Asian-Pac-Islander,Husband,Male,Private
19904,41,0,0,Prof-school,15,331651,50,1,Married-civ-spouse,Japan,Exec-managerial,White,Wife,Female,Private
20010,36,0,0,Bachelors,13,123983,55,1,Married-civ-spouse,Japan,Prof-specialty,Asian-Pac-Islander,Husband,Male,Private
20109,45,0,0,HS-grad,9,81534,84,1,Married-civ-spouse,Japan,Other-service,Asian-Pac-Islander,Husband,Male,Private
21373,56,0,0,10th,6,99894,30,1,Married-civ-spouse,Japan,Sales,Asian-Pac-Islander,Wife,Female,Private
22045,39,0,0,Bachelors,13,214284,10,0,Widowed,Japan,Prof-specialty,Asian-Pac-Islander,Unmarried,Female,Local-gov
23127,41,0,0,Bachelors,13,22201,40,1,Married-civ-spouse,Japan,Exec-managerial,Asian-Pac-Islander,Husband,Male,Private
24636,36,0,0,Some-college,10,221650,40,0,Married-civ-spouse,Japan,Craft-repair,White,Husband,Male,Private
25092,39,0,0,Masters,14,124685,99,1,Divorced,Japan,Exec-managerial,Asian-Pac-Islander,Not-in-family,Male,Self-emp-inc
25219,24,0,0,HS-grad,9,258730,40,0,Divorced,Japan,Other-service,White,Own-child,Female,Private
26113,31,0,0,Some-college,10,377374,40,0,Divorced,Japan,Adm-clerical,Black,Unmarried,Female,Private
26321,38,0,0,Some-college,10,176657,60,0,Separated,Japan,Sales,Asian-Pac-Islander,Not-in-family,Male,Self-emp-not-inc
27118,48,0,0,Bachelors,13,160724,40,0,Married-civ-spouse,Japan,Exec-managerial,Asian-Pac-Islander,Husband,Male,Self-emp-not-inc
27344,61,0,0,HS-grad,9,270056,40,0,Divorced,Japan,Adm-clerical,Asian-Pac-Islander,Not-in-family,Female,Private
27368,26,0,0,Assoc-voc,11,171928,50,0,Never-married,Japan,Craft-repair,White,Own-child,Male,Federal-gov
29278,47,0,0,HS-grad,9,93449,60,0,Married-civ-spouse,Japan,Craft-repair,Asian-Pac-Islander,Husband,Male,Private
30462,33,0,0,Assoc-acdm,12,25610,40,1,Married-civ-spouse,Japan,Sales,Other,Husband,Male,Private
31282,34,0,0,Some-college,10,143582,35,0,Never-married,Japan,Adm-clerical,Asian-Pac-Islander,Not-in-family,Female,Private
31344,33,0,0,Prof-school,15,72338,65,1,Married-civ-spouse,Japan,Exec-managerial,Asian-Pac-Islander,Husband,Male,Private
31558,27,0,0,Masters,14,147638,40,0,Never-married,Japan,None,Other,Not-in-family,Female,None
31818,40,0,0,HS-grad,9,306225,40,0,Divorced,Japan,Craft-repair,Asian-Pac-Islander,Not-in-family,Female,Private
31953,54,0,0,Bachelors,13,337992,50,1,Married-civ-spouse,Japan,Exec-managerial,Asian-Pac-Islander,Husband,Male,Private
495,40,0,1977,Doctorate,16,320451,45,1,Married-civ-spouse,Hong,Prof-specialty,Asian-Pac-Islander,Husband,Male,Private
6391,27,0,0,Bachelors,13,147638,40,0,Never-married,Hong,Adm-clerical,Asian-Pac-Islander,Other-relative,Female,Private
12863,28,0,0,Assoc-acdm,12,336543,40,1,Married-civ-spouse,Hong,Protective-serv,Asian-Pac-Islander,Husband,Male,Local-gov
14354,60,0,0,11th,7,166386,30,0,Married-civ-spouse,Hong,Machine-op-inspct,Asian-Pac-Islander,Wife,Female,Private
14481,49,0,0,7th-8th,4,169180,40,0,Married-civ-spouse,Hong,Machine-op-inspct,White,Wife,Female,Private
16300,32,0,0,HS-grad,9,167106,40,0,Married-civ-spouse,Hong,Sales,Asian-Pac-Islander,Husband,Male,Private
16692,41,0,0,9th,5,217921,40,0,Married-civ-spouse,Hong,None,Asian-Pac-Islander,Wife,Female,None
17533,35,0,0,Masters,14,320451,65,1,Married-civ-spouse,Hong,Exec-managerial,Asian-Pac-Islander,Husband,Male,Private
18555,36,0,0,Assoc-voc,11,137421,37,0,Married-civ-spouse,Hong,Tech-support,Asian-Pac-Islander,Husband,Male,State-gov
21218,30,0,0,Bachelors,13,328242,40,1,Married-civ-spouse,Hong,Exec-managerial,Asian-Pac-Islander,Husband,Male,Private
21913,27,0,0,Masters,14,298635,40,1,Married-civ-spouse,Hong,Prof-specialty,Asian-Pac-Islander,Husband,Male,Private
24622,37,0,0,Some-college,10,154210,40,0,Married-civ-spouse,Hong,Craft-repair,Asian-Pac-Islander,Husband,Male,Private
26318,19,0,0,Preschool,1,277695,36,0,Never-married,Hong,Farming-fishing,White,Not-in-family,Male,Private
27506,29,0,0,Masters,14,162551,40,1,Married-civ-spouse,Hong,Prof-specialty,Asian-Pac-Islander,Wife,Female,Private
28135,26,0,0,HS-grad,9,167106,40,0,Never-married,Hong,Craft-repair,Asian-Pac-Islander,Other-relative,Male,Private
28770,37,0,0,HS-grad,9,121772,40,0,Never-married,Hong,Craft-repair,Asian-Pac-Islander,Not-in-family,Male,Private
30070,33,0,0,Doctorate,16,119628,50,0,Married-civ-spouse,Hong,Prof-specialty,Asian-Pac-Islander,Husband,Male,State-gov
30405,26,0,0,Bachelors,13,147638,40,0,Never-married,Hong,Adm-clerical,Asian-Pac-Islander,Other-relative,Female,Private
31700,33,0,0,HS-grad,9,356015,35,0,Separated,Hong,Craft-repair,Amer-Indian-Eskimo,Not-in-family,Male,Private
31774,28,0,0,Bachelors,13,330466,40,0,Never-married,Hong,Prof-specialty,Asian-Pac-Islander,Not-in-family,Male,Private
900,27,0,1876,Some-college,10,292472,45,0,Never-married,Cambodia,Craft-repair,Asian-Pac-Islander,Not-in-family,Male,Private
1218,18,0,1602,Some-college,10,261276,40,0,Never-married,Cambodia,None,Black,Own-child,Female,None
2147,40,13550,0,Bachelors,13,121956,40,1,Married-spouse-absent,Cambodia,Prof-specialty,Asian-Pac-Islander,Not-in-family,Male,Private
3189,32,4508,0,Preschool,1,112137,40,0,Married-civ-spouse,Cambodia,Machine-op-inspct,Asian-Pac-Islander,Wife,Female,Private
4030,34,1471,0,Bachelors,13,67083,40,0,Never-married,Cambodia,Exec-managerial,Asian-Pac-Islander,Unmarried,Male,Federal-gov
4355,42,0,0,HS-grad,9,303044,40,1,Married-civ-spouse,Cambodia,Farming-fishing,Asian-Pac-Islander,Husband,Male,Self-emp-not-inc
7801,37,0,0,1st-4th,2,191342,40,0,Married-civ-spouse,Cambodia,Craft-repair,Asian-Pac-Islander,Husband,Male,Private
8204,25,0,0,Some-college,10,228608,40,0,Never-married,Cambodia,Craft-repair,Asian-Pac-Islander,Other-relative,Female,Private
8874,27,0,0,Some-college,10,292472,40,1,Married-civ-spouse,Cambodia,Prof-specialty,Asian-Pac-Islander,Husband,Male,Private
10986,40,0,0,7th-8th,4,173858,42,0,Married-civ-spouse,Cambodia,Other-service,Asian-Pac-Islander,Husband,Male,Private
14090,51,0,0,HS-grad,9,63685,50,0,Married-civ-spouse,Cambodia,Sales,Asian-Pac-Islander,Husband,Male,Private
17884,28,0,0,HS-grad,9,149769,40,0,Never-married,Cambodia,Machine-op-inspct,Asian-Pac-Islander,Not-in-family,Male,Private
19611,65,0,0,HS-grad,9,255386,40,0,Never-married,Cambodia,Craft-repair,Asian-Pac-Islander,Other-relative,Male,Private
21671,37,0,0,Bachelors,13,355856,40,1,Married-civ-spouse,Cambodia,Craft-repair,Asian-Pac-Islander,Husband,Male,Private
22532,35,0,0,HS-grad,9,93034,40,0,Never-married,Cambodia,Machine-op-inspct,Asian-Pac-Islander,Not-in-family,Male,Private
23554,36,0,0,HS-grad,9,116138,40,0,Married-civ-spouse,Cambodia,Prof-specialty,Asian-Pac-Islander,Husband,Male,Private
27636,50,0,0,12th,8,135339,40,1,Married-civ-spouse,Cambodia,Sales,Asian-Pac-Islander,Husband,Male,Private
28931,46,0,0,HS-grad,9,104632,40,1,Married-civ-spouse,Cambodia,Machine-op-inspct,Asian-Pac-Islander,Husband,Male,Private
31608,48,0,0,Some-college,10,350440,40,1,Married-civ-spouse,Cambodia,Craft-repair,Asian-Pac-Islander,Other-relative,Male,Private
3725,27,2885,0,HS-grad,9,165365,40,0,Married-civ-spouse,Laos,Machine-op-inspct,Asian-Pac-Islander,Husband,Male,Private
4394,24,0,0,Some-college,10,303296,40,0,Married-civ-spouse,Laos,Adm-clerical,Asian-Pac-Islander,Wife,Female,Private
8062,30,0,0,HS-grad,9,350979,40,0,Married-civ-spouse,Laos,Craft-repair,Asian-Pac-Islander,Husband,Male,Private
9232,53,0,0,5th-6th,3,97411,40,0,Married-civ-spouse,Laos,Machine-op-inspct,Asian-Pac-Islander,Husband,Male,Private
9990,36,0,0,Some-college,10,228157,40,0,Never-married,Laos,Craft-repair,Asian-Pac-Islander,Not-in-family,Male,Private
17245,19,0,0,11th,7,109938,40,0,Married-civ-spouse,Laos,None,Asian-Pac-Islander,Wife,Female,None
22548,29,0,0,Assoc-voc,11,138537,40,0,Married-civ-spouse,Laos,Craft-repair,Asian-Pac-Islander,Husband,Male,Private
23999,50,0,0,Prof-school,15,339547,40,1,Married-civ-spouse,Laos,Adm-clerical,Asian-Pac-Islander,Husband,Male,Local-gov
25729,23,0,0,Preschool,1,240049,40,0,Never-married,Laos,Other-service,Asian-Pac-Islander,Not-in-family,Female,Private
26349,42,0,0,Assoc-acdm,12,297335,31,0,Married-spouse-absent,Laos,Exec-managerial,Asian-Pac-Islander,Unmarried,Female,Private
26749,36,0,0,HS-grad,9,269042,40,0,Married-civ-spouse,Laos,Machine-op-inspct,Asian-Pac-Islander,Husband,Male,Private
27492,27,0,0,Bachelors,13,288229,50,0,Never-married,Laos,Adm-clerical,Asian-Pac-Islander,Own-child,Female,Private
27843,49,0,0,7th-8th,4,97411,45,0,Never-married,Laos,Machine-op-inspct,Asian-Pac-Islander,Not-in-family,Male,Private
28092,32,0,0,5th-6th,3,102986,40,1,Married-civ-spouse,Laos,Machine-op-inspct,Asian-Pac-Islander,Wife,Female,Private
28339,44,0,0,HS-grad,9,90688,45,0,Never-married,Laos,Machine-op-inspct,Asian-Pac-Islander,Not-in-family,Female,Private
30060,56,0,0,Some-college,10,255386,40,0,Married-civ-spouse,Laos,Adm-clerical,Asian-Pac-Islander,Husband,Male,Federal-gov
30631,19,0,0,Some-college,10,301911,35,0,Never-married,Laos,Sales,Asian-Pac-Islander,Own-child,Male,Private
30910,29,0,0,HS-grad,9,123677,40,0,Married-civ-spouse,Laos,Machine-op-inspct,Asian-Pac-Islander,Wife,Female,Private
4364,37,0,0,Some-college,10,257295,75,1,Married-civ-spouse,Thailand,Exec-managerial,Asian-Pac-Islander,Husband,Male,Self-emp-inc
5344,43,0,0,HS-grad,9,196945,78,0,Married-civ-spouse,Thailand,Other-service,Asian-Pac-Islander,Husband,Male,Self-emp-inc
10078,46,0,0,Assoc-voc,11,283004,63,0,Divorced,Thailand,Exec-managerial,Asian-Pac-Islander,Unmarried,Female,Self-emp-inc
10638,43,0,0,Bachelors,13,154785,80,0,Married-civ-spouse,Thailand,Machine-op-inspct,Asian-Pac-Islander,Wife,Female,Self-emp-not-inc
11023,30,0,0,Assoc-acdm,12,205659,50,1,Married-civ-spouse,Thailand,Exec-managerial,White,Wife,Female,Private
12121,19,0,0,Some-college,10,302945,10,0,Never-married,Thailand,Adm-clerical,White,Own-child,Male,Private
12209,47,0,0,HS-grad,9,217509,45,0,Widowed,Thailand,Priv-house-serv,Asian-Pac-Islander,Not-in-family,Female,Private
13244,33,0,0,HS-grad,9,122612,35,0,Married-spouse-absent,Thailand,Other-service,Asian-Pac-Islander,Not-in-family,Female,Private
17799,24,0,0,HS-grad,9,22201,40,0,Married-civ-spouse,Thailand,Protective-serv,Asian-Pac-Islander,Husband,Male,Private
21712,31,0,0,Doctorate,16,136398,50,1,Married-civ-spouse,Thailand,Prof-specialty,Asian-Pac-Islander,Husband,Male,Private
21845,33,0,0,Bachelors,13,165235,35,0,Never-married,Thailand,Other-service,Asian-Pac-Islander,Not-in-family,Female,Private
22492,45,0,0,HS-grad,9,182677,40,0,Married-spouse-absent,Thailand,Craft-repair,Asian-Pac-Islander,Not-in-family,Male,Self-emp-not-inc
23243,47,0,0,Bachelors,13,171968,60,0,Widowed,Thailand,Exec-managerial,Asian-Pac-Islander,Unmarried,Female,Self-emp-not-inc
23328,22,0,0,Some-college,10,182387,12,0,Never-married,Thailand,None,Asian-Pac-Islander,Not-in-family,Female,None
24860,29,0,0,HS-grad,9,67053,40,0,Never-married,Thailand,Other-service,Asian-Pac-Islander,Not-in-family,Male,State-gov
25664,19,0,0,12th,8,361341,25,0,Never-married,Thailand,Prof-specialty,Asian-Pac-Islander,Not-in-family,Female,Private
27275,26,0,0,Bachelors,13,165235,40,0,Never-married,Thailand,Adm-clerical,Asian-Pac-Islander,Own-child,Female,Private
27983,55,0,0,Masters,14,119751,40,0,Never-married,Thailand,Prof-specialty,Asian-Pac-Islander,Other-relative,Female,Private
